avgGas,timestamp,samples,open,close,high,low
90816.47857,2025-01-06 17:19:34.809000+00:00,60,27.7012,25.0733,32.3237,17.3277
85477.67378166667,2025-01-06 16:19:32.624000+00:00,60,25.945,28.4806,36.8485,22.1607
86638.12764333334,2025-01-06 15:19:30.605000+00:00,60,29.4082,26.7712,36.2371,21.0
89644.76332499999,2025-01-06 14:19:28.720000+00:00,60,24.2714,13.5418,29.0687,11.3011
85807.7517216667,2025-01-06 13:19:26.681000+00:00,60,13.4523,9.418,15.587,8.9033
86747.773165,2025-01-06 12:19:24.534000+00:00,60,10.7103,9.1838,15.3517,8.4688
86622.84682666666,2025-01-06 11:19:22.313000+00:00,60,8.4623,7.8886,11.3381,6.82
91920.34922000003,2025-01-06 10:19:20.211000+00:00,60,8.7573,12.8965,14.2877,7.0894
87548.74223833335,2025-01-06 09:19:09.317000+00:00,60,12.658,9.3812,13.7357,6.7692
90923.34604833335,2025-01-06 08:19:05.622000+00:00,60,9.878,9.0277,10.3164,6.0829
94755.60223166666,2025-01-06 07:19:01.437000+00:00,60,7.4078,8.2937,14.8247,6.1461
94220.34440338987,2025-01-06 06:19:57.247000+00:00,59,6.7678,10.5704,12.2061,6.0
94710.36299000004,2025-01-06 05:19:54.056000+00:00,60,10.7306,6.8821,22.9499,5.7627
96712.94128166669,2025-01-06 04:19:50.280000+00:00,60,5.8553,6.7944,8.6684,5.3488
97267.82613500002,2025-01-06 03:19:46.235000+00:00,60,6.2428,8.0884,60.8562,5.0666
95558.58753833335,2025-01-06 02:19:43.532000+00:00,60,8.4291,8.6374,9.3607,5.8883
96366.6445016667,2025-01-06 01:19:41.443000+00:00,60,8.2641,6.5742,9.7204,5.7753
92203.24149,2025-01-06 00:19:39.579000+00:00,60,8.35,10.475,10.475,5.9067
95016.9256683333,2025-01-05 23:19:37.699000+00:00,60,9.8152,10.0032,10.3741,5.8839
91327.26247833333,2025-01-05 22:19:35.468000+00:00,60,9.3348,8.802,11.8683,7.5735
91640.73752499999,2025-01-05 21:19:33.189000+00:00,60,8.3091,8.3308,9.9092,6.569
89827.71459166666,2025-01-05 20:19:31.137000+00:00,60,8.0996,10.6044,11.323,7.0
87821.1248016667,2025-01-05 19:19:29.054000+00:00,60,8.745,10.3451,10.9121,7.0
87969.49812166666,2025-01-05 18:19:26.864000+00:00,60,9.7283,8.006,11.0314,6.605
87300.13012999998,2025-01-05 17:19:24.315000+00:00,60,7.4764,10.7068,14.123,7.0
86421.55833999999,2025-01-05 16:19:22.022000+00:00,60,8.9228,8.8773,11.3809,7.6653
88586.7972783333,2025-01-05 15:19:19.645000+00:00,60,9.7899,10.0,14.0569,7.9
90717.07779000001,2025-01-05 14:19:17.410000+00:00,60,11.008,9.9777,14.8446,8.2824
90494.03249166666,2025-01-05 13:19:15.107000+00:00,60,8.225,9.1829,10.853,6.9065
97427.31410333332,2025-01-05 12:19:13.074000+00:00,60,8.2178,9.7826,12.4874,7.2803
96098.13387666663,2025-01-05 11:19:09.747000+00:00,60,10.9982,5.9144,13.4487,4.5846
98448.42087500003,2025-01-05 10:19:06.864000+00:00,60,6.0129,4.8,16.4978,4.5802
97912.0007566667,2025-01-05 09:19:04.498000+00:00,60,5.7317,4.9909,7.8418,4.3982
98202.449735,2025-01-05 08:19:02.036000+00:00,60,5.6316,6.8726,7.1879,4.5224
105169.88012666667,2025-01-05 07:18:59.111000+00:00,60,6.3655,5.8489,7.3844,4.7033
110342.22774915255,2025-01-05 06:19:56.984000+00:00,59,6.013,5.1066,6.7345,4.3703
111538.94862999996,2025-01-05 05:19:54.895000+00:00,60,5.7438,4.9944,7.4053,4.7118
103539.54124666665,2025-01-05 04:19:52.807000+00:00,60,5.3442,4.8866,25.277,4.7056
108727.80623666669,2025-01-05 03:19:50.303000+00:00,60,5.3309,5.1051,29.0,4.7134
101309.03442000001,2025-01-05 02:19:47.882000+00:00,60,5.3832,5.6214,7.2542,4.5
98433.830585,2025-01-05 01:19:43.436000+00:00,60,5.0994,5.6153,7.4139,4.5009
94561.02757,2025-01-05 00:19:40.635000+00:00,60,6.3905,6.3526,8.5169,4.9477
92992.66537000005,2025-01-04 23:19:32.123000+00:00,60,6.9044,5.7709,7.9262,4.7947
93726.35233833335,2025-01-04 22:19:29.018000+00:00,60,5.6933,5.8192,8.5421,5.48
89491.63674166666,2025-01-04 21:19:26.326000+00:00,60,7.0298,7.986,8.2946,5.6059
89781.73594166666,2025-01-04 20:19:24.339000+00:00,60,7.1634,6.2317,9.9286,5.7917
90669.69673833335,2025-01-04 19:19:22.388000+00:00,60,6.469,6.6354,8.4847,5.0
91627.66208666665,2025-01-04 18:19:19.601000+00:00,60,8.7344,7.9515,11.3999,6.2981
90802.03834999994,2025-01-04 17:19:15.200000+00:00,60,9.5498,8.9886,12.0732,7.7696
87383.32363666667,2025-01-04 16:19:12.149000+00:00,60,8.6496,12.2893,13.4068,8.0112
88523.69300500001,2025-01-04 15:19:08.202000+00:00,60,13.0182,14.8765,29.0,11.0
88500.37560333332,2025-01-04 14:19:05.334000+00:00,60,14.5772,18.2943,20.6431,11.2222
91760.80165666666,2025-01-04 13:19:03.162000+00:00,60,21.0335,28.027,33.0302,19.8485
94243.08554000001,2025-01-04 12:19:00.688000+00:00,60,28.8113,9.012,38.7829,7.3802
101716.6238135593,2025-01-04 11:19:58.718000+00:00,59,8.8909,6.4111,11.9326,5.5
94659.72197333332,2025-01-04 10:19:54.520000+00:00,60,7.1978,5.0,8.3,4.903
94254.84325333331,2025-01-04 09:19:50.607000+00:00,60,6.235,6.5032,7.6481,5.0
92777.53423166665,2025-01-04 08:19:47.434000+00:00,60,6.546,6.8186,8.4933,5.1134
96969.02130833335,2025-01-04 07:19:45.250000+00:00,60,6.5357,4.8318,7.352,4.691
150692.65251833334,2025-01-04 06:19:42.325000+00:00,60,6.0439,4.688,64.518,4.052
98042.49487833335,2025-01-04 05:19:39.612000+00:00,60,4.4842,4.98,6.5607,4.0
105487.04819833332,2025-01-04 04:19:24.679000+00:00,60,5.9081,5.1912,7.3,4.5319
99990.62146333331,2025-01-04 03:19:21.930000+00:00,60,5.3863,5.0374,7.1231,4.8491
96935.30999500002,2025-01-04 02:19:18.932000+00:00,60,6.2912,5.3161,7.3404,4.596
92570.38052833332,2025-01-04 01:19:16.463000+00:00,60,6.1,8.1622,8.7795,4.9316
89120.26771000003,2025-01-04 00:19:12.492000+00:00,60,8.0551,9.9993,10.6992,6.1763
90869.64206833331,2025-01-03 23:19:08.660000+00:00,60,8.9915,7.3648,10.7113,5.9067
86162.7570566667,2025-01-03 22:19:04.871000+00:00,60,7.8067,9.1439,13.0074,6.9298
84629.55027999998,2025-01-03 21:19:01.695000+00:00,60,10.1949,11.2815,14.6552,9.0
82930.47258813557,2025-01-03 20:19:58.602000+00:00,59,11.1643,17.0,17.5906,10.6188
84359.57556500002,2025-01-03 19:19:56.111000+00:00,60,17.6868,15.1101,19.8157,11.8376
85358.98949333334,2025-01-03 18:19:52.939000+00:00,60,18.0899,23.3329,32.0703,16.2032
82713.19897666668,2025-01-03 17:19:50.388000+00:00,60,21.7,24.5675,30.8793,15.94
81538.8012066667,2025-01-03 16:19:47.633000+00:00,60,26.649,24.3598,34.1934,21.5739
84281.63248166665,2025-01-03 15:19:44.841000+00:00,60,27.1297,17.3349,29.8598,15.0325
85754.82282833332,2025-01-03 14:19:42.311000+00:00,60,16.0,13.9975,27.208,12.2505
86701.80136666665,2025-01-03 13:19:39.814000+00:00,60,13.7669,12.53,16.3218,10.0
87513.00953833337,2025-01-03 12:19:37.825000+00:00,60,13.8553,10.0984,18.1656,7.3789
88960.74174,2025-01-03 11:19:33.846000+00:00,60,9.3024,6.8259,10.8879,4.8609
88269.87877333334,2025-01-03 10:19:31.938000+00:00,60,7.0,9.6344,10.7923,6.0
90123.63046999997,2025-01-03 09:19:30.072000+00:00,60,9.0,13.5398,15.2948,8.1189
92430.77673333333,2025-01-03 08:19:27.301000+00:00,60,11.1873,6.0,13.4365,4.8302
94622.42554499998,2025-01-03 07:19:23.963000+00:00,60,5.2952,6.5765,8.0798,4.5411
99311.75143500004,2025-01-03 06:19:20.782000+00:00,60,6.8588,5.209,16.0,4.568
96189.12498833335,2025-01-03 05:19:17.245000+00:00,60,5.1752,5.5861,8.4814,4.0
92871.97805166667,2025-01-03 04:19:14.482000+00:00,60,5.04,6.6,8.7798,4.139
92297.24178333335,2025-01-03 03:19:11.819000+00:00,60,7.1,7.5356,22.9801,5.09
90802.55853833334,2025-01-03 02:19:09.177000+00:00,60,8.0,8.0388,9.9651,6.3025
92143.30824500001,2025-01-03 01:19:03.862000+00:00,60,6.8042,11.9929,11.9929,6.0795
93845.61658305087,2025-01-03 00:19:58.842000+00:00,59,9.4139,5.6557,12.7792,5.1
89688.49387500001,2025-01-02 23:19:53.846000+00:00,60,6.5987,7.9101,10.1761,5.5149
89409.93105499996,2025-01-02 22:19:48.744000+00:00,60,8.6537,9.1641,11.3509,6.8204
86738.00994,2025-01-02 21:19:44.471000+00:00,60,9.3093,9.9,11.4834,7.0
86724.71284833332,2025-01-02 20:19:40.478000+00:00,60,9.374,10.1131,12.0154,8.7576
87410.43219166668,2025-01-02 19:19:36.666000+00:00,60,10.7627,12.7777,12.8048,9.0
88865.64566166665,2025-01-02 18:19:34.320000+00:00,60,11.9176,12.1388,15.6293,9.5513
87631.13709166668,2025-01-02 17:19:31.810000+00:00,60,12.3886,12.3816,22.5369,10.5101
87889.2966266667,2025-01-02 16:19:28.272000+00:00,60,13.4257,13.0663,18.789,10.4943
87444.10167000002,2025-01-02 15:19:24.688000+00:00,60,12.8641,14.4588,16.431,11.0
86684.84478499995,2025-01-02 14:19:21.974000+00:00,60,15.2775,14.3428,18.6,12.5476
92897.30937833333,2025-01-02 13:19:19.276000+00:00,60,14.6629,14.0149,17.9,10.0
89329.95167833338,2025-01-02 12:19:16.740000+00:00,60,14.671,11.7205,16.6447,10.0519
91338.77440500003,2025-01-02 11:19:14.168000+00:00,60,12.0334,13.688,14.7044,9.0411
96805.39265666666,2025-01-02 10:19:11.480000+00:00,60,14.0,12.8354,19.8894,11.0286
97686.40572333334,2025-01-02 09:19:08.954000+00:00,60,13.22,12.7569,16.2424,10.6222
96553.05348666669,2025-01-02 08:19:06.122000+00:00,60,13.7529,13.0449,16.5197,9.3924
100055.82940500001,2025-01-02 07:19:03.743000+00:00,60,12.0624,13.0,15.979,10.2667
105773.25562333332,2025-01-02 06:19:01.351000+00:00,60,13.2462,18.8165,25.0955,11.8253
141603.04563728816,2025-01-02 05:19:58.869000+00:00,59,19.9769,85.1358,92.6085,17.5489
173436.30511666674,2025-01-02 04:19:56.360000+00:00,60,76.2564,50.2393,88.4825,50.2393
161962.61521499994,2025-01-02 03:19:53.768000+00:00,60,57.014,51.8491,73.066,45.5468
144948.34475,2025-01-02 02:19:51.422000+00:00,60,53.1369,53.3038,63.8325,42.3381
141758.88447,2025-01-02 01:19:48.968000+00:00,60,60.4772,37.8204,64.874,32.5
119107.79152833334,2025-01-02 00:19:46.097000+00:00,60,34.9934,33.4633,40.7545,28.3327
124128.93382166667,2025-01-01 23:19:41.876000+00:00,60,30.05,26.7538,32.8965,23.1434
120472.7202116667,2025-01-01 22:19:39.304000+00:00,60,27.593,26.9772,34.9433,24.4787
99289.75818166665,2025-01-01 21:19:36.777000+00:00,60,27.118,48.0868,50.1352,26.088
103681.73393666666,2025-01-01 20:19:34.758000+00:00,60,50.0602,37.893,77.9426,26.1417
118602.41421833332,2025-01-01 19:19:32.377000+00:00,60,37.327,30.2232,39.6664,26.0
109962.20555833331,2025-01-01 18:19:30.293000+00:00,60,29.7732,25.3905,37.7063,22.67
116463.64130333328,2025-01-01 17:19:27.897000+00:00,60,26.0,27.9967,32.0277,22.2
105532.264235,2025-01-01 16:19:25.878000+00:00,60,26.8358,32.8094,35.6006,22.1318
112036.20933166664,2025-01-01 15:19:22.785000+00:00,60,29.0,33.0019,42.695,25.9381
138682.19369,2025-01-01 14:19:20.923000+00:00,60,35.0,26.8767,77.5285,24.7185
106732.07159999998,2025-01-01 13:19:19.068000+00:00,60,25.1541,7.1622,26.3204,6.0
99924.37731333336,2025-01-01 12:19:17.332000+00:00,60,6.866,14.2143,22.8018,6.25
106502.78782,2025-01-01 11:19:15.683000+00:00,60,13.6788,8.5615,18.4908,6.4953
110567.61371666664,2025-01-01 10:19:07.218000+00:00,60,6.8907,6.3074,13.6074,4.35
99307.47235833337,2025-01-01 09:19:05.687000+00:00,60,4.1673,7.0526,9.5557,3.9396
99454.53546166669,2025-01-01 08:19:03.119000+00:00,60,5.6323,5.1158,7.4205,4.0
102375.84591833332,2025-01-01 07:18:59.952000+00:00,60,4.1453,4.5369,7.8974,3.0
103125.54346440677,2025-01-01 06:19:57.634000+00:00,59,3.0814,2.9658,4.2729,2.2053
102894.2337016666,2025-01-01 05:19:54.629000+00:00,60,2.827,2.6404,4.3161,2.4
102472.88793999997,2025-01-01 04:19:51.805000+00:00,60,2.806,2.5694,4.2179,2.0826
105396.07928333334,2025-01-01 03:19:49.359000+00:00,60,2.8595,2.8074,4.9854,2.2013
98801.9886583333,2025-01-01 02:19:47.667000+00:00,60,2.6394,2.9363,4.7864,2.2
96881.01470666662,2025-01-01 01:19:45.253000+00:00,60,3.0588,4.24,5.36,2.7584
97320.41463333335,2025-01-01 00:19:42.461000+00:00,60,4.2029,3.7729,5.4851,3.3471
103483.61859666665,2024-12-31 23:19:40.277000+00:00,60,5.1984,4.6054,6.7575,3.7106
99399.45139333334,2024-12-31 22:19:38.245000+00:00,60,4.6001,4.8317,7.3156,3.9275
91908.590085,2024-12-31 21:19:35.692000+00:00,60,5.472,5.7902,7.2123,4.3756
90441.72424333336,2024-12-31 20:19:33.719000+00:00,60,6.6809,5.6352,8.7131,5.0
84615.05882166667,2024-12-31 19:19:31.692000+00:00,60,5.1802,5.9176,7.5899,5.0
84744.29799833334,2024-12-31 18:19:29.701000+00:00,60,6.2841,8.9029,10.8535,5.962
85675.73538666668,2024-12-31 17:19:27.586000+00:00,60,8.9492,10.9775,16.9602,8.7266
82552.55695499998,2024-12-31 16:19:25.452000+00:00,60,13.058,16.5354,21.9199,9.3026
84895.75845833334,2024-12-31 15:19:23.386000+00:00,60,16.5741,18.0304,29.8698,16.048
88378.33300833334,2024-12-31 14:19:21.388000+00:00,60,18.4619,13.5315,25.0,12.0664
88607.45794666669,2024-12-31 13:19:19.098000+00:00,60,14.0181,7.8377,20.0,7.245
90056.08866499999,2024-12-31 12:19:16.688000+00:00,60,8.2734,9.0579,14.9936,7.0
91113.23305333334,2024-12-31 11:19:14.303000+00:00,60,9.312,7.0332,11.2677,6.25
89051.85423999997,2024-12-31 10:19:11.902000+00:00,60,7.6151,14.6209,23.5479,7.0
91745.08449166665,2024-12-31 09:19:07.834000+00:00,60,15.7721,12.0921,16.2776,8.1004
87709.50306333335,2024-12-31 08:19:05.378000+00:00,60,13.5901,9.2355,20.1025,9.2355
86663.36428333334,2024-12-31 07:19:02.857000+00:00,60,12.1801,25.227,27.646,7.2036
94801.91541833337,2024-12-31 06:18:59.970000+00:00,60,29.0118,7.2324,32.42,6.1249
96339.7697440678,2024-12-31 05:19:56.607000+00:00,59,8.5431,3.4416,8.5431,2.5672
86804.79048999997,2024-12-31 04:19:54.169000+00:00,60,3.5221,2.5953,4.4494,2.4658
84385.03970333331,2024-12-31 03:19:50.594000+00:00,60,2.9782,3.7815,4.9907,2.5
85012.32948499998,2024-12-31 02:19:47.898000+00:00,60,3.5118,3.9087,5.251,3.2092
86075.20655833332,2024-12-31 01:19:45.128000+00:00,60,3.8144,5.0765,7.197,3.3116
84900.71493833336,2024-12-31 00:19:42.500000+00:00,60,4.7564,6.732,10.0,4.3341
89751.28213166664,2024-12-30 23:19:40.162000+00:00,60,6.4759,7.0,9.3267,4.533
91259.45750999996,2024-12-30 22:19:37.269000+00:00,60,6.5496,8.8258,13.7882,6.0
91139.61029833333,2024-12-30 21:19:34.790000+00:00,60,8.2886,7.6785,17.2125,6.72
82239.49809833334,2024-12-30 20:19:32.358000+00:00,60,7.5232,7.1623,9.5824,6.2797
86477.37421833334,2024-12-30 19:19:29.899000+00:00,60,7.287,8.0544,12.3493,6.0
84737.03559166666,2024-12-30 18:19:26.264000+00:00,60,8.5771,12.0115,17.9285,7.6423
83906.40063833332,2024-12-30 17:19:24.168000+00:00,60,12.1805,11.1592,17.9123,9.532
80183.56666166664,2024-12-30 16:19:21.836000+00:00,60,11.241,10.675,12.3627,7.0727
80851.42480666665,2024-12-30 15:19:19.797000+00:00,60,10.6474,14.542,16.1642,9.5283
79584.51357333336,2024-12-30 14:19:17.745000+00:00,60,13.6271,13.9154,18.5996,8.7912
81778.73047166667,2024-12-30 13:19:15.666000+00:00,60,13.7708,6.9758,24.6123,5.7019
84569.39567000001,2024-12-30 12:19:13.591000+00:00,60,6.9004,4.2783,7.4125,3.5296
82041.41562499998,2024-12-30 11:19:11.657000+00:00,60,4.2991,5.0023,6.7889,2.88
89452.60813833334,2024-12-30 10:19:09.984000+00:00,60,5.5175,4.1197,6.5211,3.1703
87139.59854333336,2024-12-30 09:19:07.829000+00:00,60,4.1545,3.3018,5.4072,2.8771
90984.42488999998,2024-12-30 08:19:05.872000+00:00,60,3.6604,3.95,5.1948,2.9563
96434.33476999997,2024-12-30 07:19:03.796000+00:00,60,4.6251,3.1091,6.2333,2.2767
96367.13248135595,2024-12-30 06:19:55.805000+00:00,59,2.7661,3.0163,4.746,2.3098
101642.39349833333,2024-12-30 05:19:53.516000+00:00,60,3.6216,2.9782,3.8805,2.521
96502.36311499994,2024-12-30 04:19:50.863000+00:00,60,2.8393,3.0673,4.8405,2.406
97879.22403833331,2024-12-30 03:19:48.792000+00:00,60,2.8951,5.0739,5.5878,2.5102
97040.04025333333,2024-12-30 02:19:46.703000+00:00,60,4.5495,3.0314,5.04,2.6
95230.52122000001,2024-12-30 01:19:44.652000+00:00,60,3.1737,3.472,5.644,2.7405
95728.16355166667,2024-12-30 00:19:42.680000+00:00,60,3.5,4.8486,6.0445,2.5821
103684.64247499999,2024-12-29 23:19:40.525000+00:00,60,4.99,4.2612,7.0313,2.8567
88269.65485833332,2024-12-29 22:19:38.448000+00:00,60,4.2371,8.3962,9.123,3.6918
89302.530965,2024-12-29 21:19:36.388000+00:00,60,9.4966,4.9965,9.4966,4.4194
85210.15036000001,2024-12-29 20:19:33.827000+00:00,60,6.7258,4.4202,7.8455,3.8354
86899.78233666666,2024-12-29 19:19:31.853000+00:00,60,4.4869,4.4843,5.9617,3.4686
87887.59333,2024-12-29 18:19:29.991000+00:00,60,4.1743,3.98,5.132,3.1
86845.90664333334,2024-12-29 17:19:28.126000+00:00,60,4.4468,5.4353,6.4,3.5972
88027.58519166669,2024-12-29 16:19:25.689000+00:00,60,6.0184,6.8026,8.2195,4.8169
88361.54571166668,2024-12-29 15:19:23.969000+00:00,60,6.6595,5.6011,7.9663,4.9
86443.88950166665,2024-12-29 14:19:22.107000+00:00,60,5.9822,7.387,8.8192,4.0202
87723.05980999999,2024-12-29 13:19:20.206000+00:00,60,8.1591,5.6119,8.6569,4.1772
91403.50489333332,2024-12-29 12:19:18.079000+00:00,60,5.0527,3.5115,6.554,3.2662
90720.99764333335,2024-12-29 11:19:15.786000+00:00,60,4.0474,3.9461,5.9579,2.9651
90107.6993816667,2024-12-29 10:19:13.130000+00:00,60,3.6978,4.2344,50.0,2.67
88603.37991833333,2024-12-29 09:19:10.947000+00:00,60,3.4871,3.6967,4.8478,2.8495
92056.31360333336,2024-12-29 08:19:09.082000+00:00,60,3.3845,2.9173,5.6698,2.6899
95841.71717666667,2024-12-29 07:19:07.462000+00:00,60,2.6971,3.1429,5.038,2.6501
97189.04615833337,2024-12-29 06:19:05.742000+00:00,60,3.61,3.8344,10.9955,2.406
103702.56914000004,2024-12-29 05:19:03.522000+00:00,60,3.6728,3.2601,5.2738,2.5874
93413.40471333334,2024-12-29 04:19:01.722000+00:00,60,2.8882,3.1573,5.642,2.506
101840.51580333336,2024-12-29 03:18:59.573000+00:00,60,2.748,2.7764,5.0763,2.4845
90865.2989084746,2024-12-29 02:19:57.641000+00:00,59,3.021,2.9036,4.0569,2.6322
97617.66854833328,2024-12-29 01:19:55.662000+00:00,60,3.4553,3.1903,5.1563,2.69
96435.37606666666,2024-12-29 00:19:53.698000+00:00,60,3.3612,4.3236,5.279,3.0
97767.126145,2024-12-28 23:19:51.739000+00:00,60,5.0,3.9714,6.0427,3.539
93196.56375333334,2024-12-28 22:19:49.985000+00:00,60,4.1958,4.368,6.7426,3.6176
91528.48145,2024-12-28 21:19:48.269000+00:00,60,3.8043,4.0314,6.3236,3.6002
86530.57725166666,2024-12-28 20:19:46.512000+00:00,60,4.2,4.4858,6.3504,3.8358
89116.45513166669,2024-12-28 19:19:44.586000+00:00,60,4.7339,4.8,15.7045,4.0351
84238.89718833333,2024-12-28 18:19:42.542000+00:00,60,4.5978,6.1995,7.6996,4.0
88507.51897666667,2024-12-28 17:19:40.799000+00:00,60,5.8124,6.6472,9.2186,5.0
86768.29340166667,2024-12-28 16:19:38.989000+00:00,60,5.9381,6.5199,7.2642,4.3099
85493.61591000001,2024-12-28 15:19:36.899000+00:00,60,5.9274,5.8865,30.7324,4.6924
87897.56576499999,2024-12-28 14:19:34.910000+00:00,60,5.2858,7.4193,8.0459,4.7256
87930.75733166664,2024-12-28 13:19:31.821000+00:00,60,7.9827,5.3459,8.4544,3.9648
86981.4464616667,2024-12-28 12:19:29.810000+00:00,60,4.5687,5.4288,5.8199,3.3374
94285.74257166665,2024-12-28 11:19:26.938000+00:00,60,5.1626,3.9866,6.5996,3.5
92886.17275833337,2024-12-28 10:19:23.356000+00:00,60,3.786,4.2599,5.4044,3.0
90972.30194499997,2024-12-28 09:19:19.746000+00:00,60,3.9882,3.9448,5.2,3.1
90968.99737500002,2024-12-28 08:19:16.277000+00:00,60,3.8725,3.4897,4.8349,2.8009
91474.001015,2024-12-28 07:19:13.101000+00:00,60,3.3999,3.7944,5.1813,2.7132
99707.07023166669,2024-12-28 06:19:09.990000+00:00,60,4.0919,3.3507,5.5136,2.991
96888.73199166666,2024-12-28 05:19:06.759000+00:00,60,3.3023,3.4444,4.5757,2.4647
96414.45347999998,2024-12-28 04:19:03.861000+00:00,60,3.5757,3.8426,5.5737,2.7809
96484.25291333332,2024-12-28 03:19:00.971000+00:00,60,3.4523,3.9748,4.8569,2.6728
92710.38632881359,2024-12-28 02:19:57.970000+00:00,59,3.0521,3.2252,4.7,2.8028
94148.70248666668,2024-12-28 01:19:55.374000+00:00,60,3.3463,3.6231,5.1204,3.0
93718.22899500003,2024-12-28 00:19:52.284000+00:00,60,3.9457,4.1544,5.6211,3.4
89459.3354783333,2024-12-27 23:19:49.669000+00:00,60,4.4148,4.0654,5.5052,3.4225
91640.17535333331,2024-12-27 22:19:47.481000+00:00,60,4.0124,5.152,6.4013,3.5745
87569.82302666665,2024-12-27 21:19:44.967000+00:00,60,4.51,4.9811,6.5689,3.9684
81199.01582999997,2024-12-27 20:19:42.674000+00:00,60,5.334,6.8151,6.8151,4.5015
86156.86403000001,2024-12-27 19:19:40.181000+00:00,60,7.3864,9.4248,9.6,5.4231
85826.94801833334,2024-12-27 18:19:37.333000+00:00,60,9.3895,7.5103,56.0,5.5971
82646.73226333335,2024-12-27 17:19:35.094000+00:00,60,7.2527,7.3786,12.9852,6.2861
84945.53707499999,2024-12-27 16:19:32.888000+00:00,60,7.3041,9.03,10.6502,6.6953
83743.29831333333,2024-12-27 15:19:30.721000+00:00,60,8.3491,14.6227,17.2918,7.0
86980.01081000002,2024-12-27 14:19:28.512000+00:00,60,13.4634,6.6417,15.203,5.4501
82061.41784166665,2024-12-27 13:19:26.437000+00:00,60,7.8,6.0,7.8399,5.0
85513.63914000003,2024-12-27 12:19:24.325000+00:00,60,6.0632,7.0,10.0642,5.0
89130.97987833334,2024-12-27 11:19:22.390000+00:00,60,6.7998,5.3654,7.9418,4.6707
87920.75746166665,2024-12-27 10:19:20.378000+00:00,60,6.7291,5.1684,7.4747,4.2
84501.78196166667,2024-12-27 09:19:18.354000+00:00,60,5.3379,8.2574,10.0338,4.8604
92329.05470499999,2024-12-27 08:19:16.670000+00:00,60,8.076,6.7374,10.7652,4.0
94955.58243333334,2024-12-27 07:19:14.880000+00:00,60,6.0545,4.1483,8.5283,3.9732
94714.76273833333,2024-12-27 06:19:12.297000+00:00,60,4.2689,4.4062,6.975,3.0
102311.95853499998,2024-12-27 05:19:09.792000+00:00,60,5.2782,4.3588,6.6316,3.0
103963.40887999997,2024-12-27 04:19:07.947000+00:00,60,4.9301,4.1545,41.7594,3.1082
94702.40838833334,2024-12-27 03:19:06.216000+00:00,60,5.396,4.0,5.6236,3.2876
94676.20269166665,2024-12-27 02:19:03.209000+00:00,60,4.6479,4.08,7.6222,3.3043
89469.74584,2024-12-27 01:19:00.821000+00:00,60,4.8441,3.7604,6.5607,3.6373
87860.11902542373,2024-12-27 00:19:58.549000+00:00,59,3.928,4.4071,6.2671,3.4152
91390.19222833333,2024-12-26 23:19:56.524000+00:00,60,4.0496,5.2686,6.016,3.8517
91838.98656666667,2024-12-26 22:19:54.200000+00:00,60,5.2562,4.9,6.8901,3.895
86360.95845666667,2024-12-26 21:19:52.367000+00:00,60,4.4692,6.2234,7.2934,4.2907
88401.83833333336,2024-12-26 20:19:50.613000+00:00,60,6.7153,5.3026,9.6788,5.0
94821.27854000001,2024-12-26 19:19:48.629000+00:00,60,5.9347,5.8454,7.6591,5.0
88201.56315666669,2024-12-26 18:19:46.839000+00:00,60,5.5555,9.329,13.641,5.336
88150.05686833331,2024-12-26 17:19:44.767000+00:00,60,9.0013,8.8402,11.2331,7.1156
88358.05863166666,2024-12-26 16:19:42.798000+00:00,60,9.3965,9.3792,20.5215,8.1146
88308.99329166667,2024-12-26 15:19:40.754000+00:00,60,7.6228,8.6124,9.6753,6.4049
87594.70522499997,2024-12-26 14:19:38.686000+00:00,60,7.7342,7.0382,11.2378,6.0753
88382.40296666666,2024-12-26 13:19:36.810000+00:00,60,7.845,7.0619,8.5604,5.4385
89140.23368333332,2024-12-26 12:19:34.945000+00:00,60,6.1522,6.0,8.4307,5.0
88324.14403166667,2024-12-26 11:19:33.220000+00:00,60,6.5408,5.7374,7.1713,4.0057
91621.25630666668,2024-12-26 10:19:31.265000+00:00,60,6.0367,6.6823,7.5705,4.6003
91606.78289333332,2024-12-26 09:19:29.331000+00:00,60,6.5496,6.172,8.1046,5.0
89498.41518666665,2024-12-26 08:19:27.449000+00:00,60,6.4766,10.8763,15.6857,5.4612
93928.54760333333,2024-12-26 07:19:25.483000+00:00,60,10.4389,5.9539,12.4938,4.2562
89866.02446166665,2024-12-26 06:19:23.520000+00:00,60,5.5479,5.4176,7.8952,4.7045
91057.242365,2024-12-26 05:19:21.808000+00:00,60,6.6058,4.83,8.4032,3.95
103850.01081666668,2024-12-26 04:19:18.405000+00:00,60,5.7213,4.1074,6.2355,4.0
96505.26958999995,2024-12-26 03:19:14.549000+00:00,60,4.946,5.7265,7.309,3.8245
93423.75071166668,2024-12-26 02:19:07.765000+00:00,60,5.0831,4.6817,6.3851,3.8707
90451.29249166668,2024-12-26 01:19:03.307000+00:00,60,4.7496,4.1935,9.13,3.7428
92361.03519322033,2024-12-26 00:19:59.027000+00:00,59,5.2866,6.1261,7.3495,3.9465
99933.69071000002,2024-12-25 23:19:54.968000+00:00,60,6.4235,3.7009,9.2222,3.2946
98365.61709833333,2024-12-25 22:19:52.759000+00:00,60,4.4324,3.9415,6.4668,3.3331
90824.98192166662,2024-12-25 21:19:50.421000+00:00,60,4.2394,5.0,57.9426,3.12
108224.27509999998,2024-12-25 20:19:47.349000+00:00,60,5.4027,4.8764,7.9706,4.0505
88937.57599833337,2024-12-25 19:19:44.449000+00:00,60,4.3789,5.8997,6.9497,3.9965
88861.58962333332,2024-12-25 18:19:41.389000+00:00,60,6.4472,5.6197,10.0,3.684
87095.08571166667,2024-12-25 17:19:37.981000+00:00,60,6.3513,8.4644,8.8829,4.9011
87912.12108166666,2024-12-25 16:19:34.863000+00:00,60,9.0,9.5438,10.5385,6.3329
88159.81922666664,2024-12-25 15:19:32.173000+00:00,60,8.8965,22.9805,25.2355,7.0338
86420.63515500003,2024-12-25 14:19:29.222000+00:00,60,22.6551,10.581,24.4655,8.8816
88517.928735,2024-12-25 13:19:27.184000+00:00,60,9.1511,4.9182,11.2157,3.9984
89784.69538166664,2024-12-25 12:19:23.795000+00:00,60,5.1915,4.1537,6.5052,3.4357
90117.85135833333,2024-12-25 11:19:21.108000+00:00,60,5.0113,3.9621,5.8879,3.3507
90200.48525666668,2024-12-25 10:19:18.851000+00:00,60,4.228,5.8094,7.6667,3.7
91935.31606166669,2024-12-25 09:19:16.436000+00:00,60,5.1966,3.5559,6.2155,3.5276
89737.46383500002,2024-12-25 08:19:12.762000+00:00,60,3.5275,3.9235,6.1194,3.1503
93370.47892166667,2024-12-25 07:19:09.983000+00:00,60,3.5209,4.7437,6.1442,3.2
97652.90041,2024-12-25 06:19:07.899000+00:00,60,4.3044,4.8226,7.2234,3.5078
99036.30235166667,2024-12-25 05:19:05.854000+00:00,60,5.2144,3.4,7.3918,3.026
108173.45510333334,2024-12-25 04:19:03.287000+00:00,60,3.7266,4.061,8.2073,3.1065
90286.92754,2024-12-25 03:19:00.799000+00:00,60,3.8325,3.8127,5.9583,2.9413
94348.01082372884,2024-12-25 02:19:58.532000+00:00,59,3.9079,4.5834,6.1566,3.3
88723.39538500007,2024-12-25 01:19:55.914000+00:00,60,4.2984,3.486,5.6931,3.0
84206.11876,2024-12-25 00:19:52.888000+00:00,60,3.7996,3.6541,5.8441,3.0
90084.62277166669,2024-12-24 23:19:50.933000+00:00,60,5.2736,3.5,6.1048,3.0653
89423.11589833332,2024-12-24 22:19:48.388000+00:00,60,3.6641,3.8617,7.0013,3.5033
88081.33137166666,2024-12-24 21:19:46.188000+00:00,60,4.3527,5.0,6.8024,3.7842
84059.1006266667,2024-12-24 20:19:43.967000+00:00,60,5.0,5.2442,7.2234,4.0
82682.35972833334,2024-12-24 19:19:41.912000+00:00,60,5.1579,5.6004,28.6252,4.6907
84310.99089000002,2024-12-24 18:19:39.558000+00:00,60,5.0,11.4863,11.6072,5.0
83893.87484166668,2024-12-24 17:19:37.595000+00:00,60,9.1938,6.7177,10.1669,5.0453
78653.07306166666,2024-12-24 16:19:35.497000+00:00,60,7.412,14.213,15.1963,6.7173
81959.91444333336,2024-12-24 15:19:33.531000+00:00,60,12.6858,12.1399,14.7727,9.8905
81619.94306166665,2024-12-24 14:19:31.537000+00:00,60,11.0,12.9034,15.0346,9.4897
86905.49662,2024-12-24 13:19:29.589000+00:00,60,10.5643,7.3096,14.4927,6.2159
90157.06661666666,2024-12-24 12:19:27.701000+00:00,60,7.0,6.4981,9.6194,5.1484
90007.38941833336,2024-12-24 11:19:25.763000+00:00,60,7.065,5.2288,25.3552,4.0
89745.26021833335,2024-12-24 10:19:23.751000+00:00,60,5.0538,7.3901,9.8263,4.5683
82797.54594666667,2024-12-24 09:19:20.871000+00:00,60,7.0,8.7361,8.8447,4.6765
98277.08923000001,2024-12-24 08:19:17.232000+00:00,60,9.2093,6.2327,16.7304,4.5281
87865.2633733333,2024-12-24 07:19:14.329000+00:00,60,5.286,6.2,7.2257,3.6641
92641.87661333331,2024-12-24 06:19:04.014000+00:00,60,5.8436,6.7745,90.0,4.2877
95071.78199333332,2024-12-24 05:19:00.581000+00:00,60,5.23,6.2557,7.5683,3.9246
95163.5611644068,2024-12-24 04:19:58.463000+00:00,59,4.7945,5.4429,7.2891,3.8
98469.64273333336,2024-12-24 03:19:54.878000+00:00,60,5.5968,6.4195,7.864,4.688
96660.18019166669,2024-12-24 02:19:52.416000+00:00,60,7.6789,7.3508,8.8905,5.4467
94278.66771499997,2024-12-24 01:19:50.245000+00:00,60,7.7793,7.6859,9.5618,5.7283
90506.83320500002,2024-12-24 00:19:46.931000+00:00,60,8.0068,9.5518,10.4759,6.8128
91946.99011166667,2024-12-23 23:19:44.301000+00:00,60,8.0727,11.0738,12.8495,7.0
87665.88158166666,2024-12-23 22:19:42.311000+00:00,60,11.6111,11.9379,14.8712,8.8157
81936.75919166667,2024-12-23 21:19:40.379000+00:00,60,11.1544,19.0376,20.111,10.8959
88618.52253666669,2024-12-23 20:19:38.212000+00:00,60,18.0,11.1486,22.0086,9.9888
82503.48684666665,2024-12-23 19:19:35.316000+00:00,60,10.9504,13.6828,16.4509,8.0
84862.77695333335,2024-12-23 18:19:32.204000+00:00,60,14.2971,12.6702,16.5517,8.7782
80319.63814499996,2024-12-23 17:19:30.074000+00:00,60,11.4944,13.8052,17.0427,10.9237
78564.08107000001,2024-12-23 16:19:27.753000+00:00,60,13.5365,16.7502,31.5229,12.3148
74909.05761999999,2024-12-23 15:19:25.530000+00:00,60,18.2044,22.4917,23.8,15.0642
76321.32720333332,2024-12-23 14:19:23.109000+00:00,60,23.4609,34.8589,35.5558,21.0031
81022.17908333335,2024-12-23 13:19:17.158000+00:00,60,36.2609,7.5013,38.9642,5.9789
81715.17776499997,2024-12-23 12:19:12.917000+00:00,60,6.7004,6.6327,8.85,5.4504
81694.58892000002,2024-12-23 11:19:10.781000+00:00,60,7.7903,7.0794,9.0593,4.9785
87366.56572833334,2024-12-23 10:19:08.211000+00:00,60,5.64,8.2742,10.4187,5.64
91314.52657333329,2024-12-23 09:19:05.463000+00:00,60,7.7205,6.0404,11.8888,5.0
85015.2078516667,2024-12-23 08:19:03.296000+00:00,60,5.6537,5.7277,8.1499,4.0
89963.13482166668,2024-12-23 07:19:00.860000+00:00,60,6.2785,4.6904,7.1082,4.093
99871.19282033895,2024-12-23 06:19:58.617000+00:00,59,6.2977,4.0515,6.9864,3.4758
93021.486535,2024-12-23 05:19:54.713000+00:00,60,4.9523,4.7473,6.7825,3.5385
96714.27108,2024-12-23 04:19:52.095000+00:00,60,5.1129,5.3049,7.0753,3.8
93615.15484500003,2024-12-23 03:19:49.230000+00:00,60,5.0557,10.4501,11.7438,3.875
93547.61294333337,2024-12-23 02:19:34.974000+00:00,60,8.7598,4.7121,10.0445,3.9499
104822.74012500003,2024-12-23 01:19:32.096000+00:00,60,5.2534,6.2465,7.0946,3.8498
93059.52561333332,2024-12-23 00:19:28.146000+00:00,60,4.9316,4.1162,6.9134,3.86
89269.42409,2024-12-22 23:19:25.178000+00:00,60,4.3038,5.0211,15.4337,4.0
84453.34797166665,2024-12-22 22:19:22.717000+00:00,60,4.7353,7.6112,8.3,4.5
90016.87020166665,2024-12-22 21:19:20.270000+00:00,60,7.2343,6.1599,9.9252,5.2062
87388.81420166665,2024-12-22 20:19:17.565000+00:00,60,6.5076,8.3381,9.3694,5.6979
88981.62603166666,2024-12-22 19:19:14.680000+00:00,60,8.0057,6.4578,60.0914,5.402
88798.69317999997,2024-12-22 18:19:11.303000+00:00,60,5.6224,6.0,9.0218,5.3349
82961.64707499997,2024-12-22 17:19:08.883000+00:00,60,7.2947,6.0793,9.0146,5.4967
83489.23896000002,2024-12-22 16:19:06.513000+00:00,60,6.8322,8.4612,10.1446,5.7144
80659.76214333336,2024-12-22 15:19:04.120000+00:00,60,6.7702,8.4218,10.7411,6.535
82489.09419333334,2024-12-22 14:19:01.893000+00:00,60,9.0,7.5757,12.2138,6.1301
84278.46106666666,2024-12-22 13:18:59.414000+00:00,60,7.6461,6.1887,8.8857,5.472
86690.84098644069,2024-12-22 12:19:57.163000+00:00,59,7.6608,7.5936,9.4591,5.2719
86858.396675,2024-12-22 11:19:54.683000+00:00,60,7.1569,7.4977,12.9847,5.3757
91893.28347499999,2024-12-22 10:19:52.580000+00:00,60,6.616,8.4083,9.5174,4.5241
99259.91255833328,2024-12-22 09:19:49.940000+00:00,60,9.7263,5.3724,10.3819,4.2458
90424.21602166667,2024-12-22 08:19:47.720000+00:00,60,4.6426,6.3916,15.7691,4.498
91539.27967500001,2024-12-22 07:19:45.950000+00:00,60,4.5,5.76,14.4395,4.5
95217.71396166668,2024-12-22 06:19:44.266000+00:00,60,5.0698,5.3884,45.0,4.0
103562.198895,2024-12-22 05:19:24.512000+00:00,60,5.3123,7.3761,8.9038,4.8
104722.1910533333,2024-12-22 04:19:22.349000+00:00,60,6.08,5.0,9.0428,4.4146
97659.66763333333,2024-12-22 03:19:19.183000+00:00,60,5.221,6.2538,8.2002,4.5222
97926.6969283333,2024-12-22 02:19:15.072000+00:00,60,5.2466,5.8879,8.0853,4.7648
95260.28767499999,2024-12-22 01:19:12.362000+00:00,60,5.2368,5.3179,8.5013,5.0
88094.63873333333,2024-12-22 00:19:19.650000+00:00,57,5.6793,7.5912,10.2049,5.0298
91929.07944833333,2024-12-21 23:19:17.001000+00:00,60,7.0,8.7182,10.2049,5.4571
92179.84582000002,2024-12-21 22:19:09.528000+00:00,60,8.9983,6.7179,10.3575,5.8377
90327.17342666668,2024-12-21 21:19:04.099000+00:00,60,7.2779,7.0419,10.6759,5.8714
93460.87344500002,2024-12-21 20:18:59.850000+00:00,60,7.4251,6.9263,9.3894,5.9907
84355.40686440677,2024-12-21 19:19:55.855000+00:00,59,6.9308,7.9393,10.5815,6.0
83044.58309166665,2024-12-21 18:19:52.850000+00:00,60,9.2,7.8258,12.3992,7.4415
82929.47286833334,2024-12-21 17:19:49.613000+00:00,60,7.1569,9.1,9.5595,6.08
83592.17941833333,2024-12-21 16:19:46.421000+00:00,60,9.1298,9.8352,10.9932,7.0
84399.47295333332,2024-12-21 15:19:43.766000+00:00,60,8.2566,8.8627,12.3586,7.2
85645.00750000004,2024-12-21 14:19:40.579000+00:00,60,9.4604,9.5433,11.9285,8.0301
85610.89466000002,2024-12-21 13:19:38.139000+00:00,60,10.8048,9.8908,17.949,7.0
85364.58143166665,2024-12-21 12:19:35.831000+00:00,60,10.0023,8.6141,12.605,6.4286
87181.58920833332,2024-12-21 11:19:33.207000+00:00,60,10.9398,6.7957,12.1194,6.08
89890.836645,2024-12-21 10:19:31.014000+00:00,60,7.7978,7.2342,9.3168,6.2359
87797.62463333328,2024-12-21 09:19:29.133000+00:00,60,7.9773,9.0523,11.1773,6.3983
88013.03031166666,2024-12-21 08:19:23.491000+00:00,60,10.4943,13.1462,14.1323,7.4509
82858.70196999998,2024-12-21 07:19:21.417000+00:00,60,13.0498,7.6,19.9844,6.2178
92638.16996333335,2024-12-21 06:19:19.530000+00:00,60,7.1107,7.0346,11.2461,6.5986
94575.32814166666,2024-12-21 05:19:17.695000+00:00,60,8.2523,6.8358,17.531,5.5035
101015.949525,2024-12-21 04:19:15.541000+00:00,60,7.4685,7.1016,9.3807,5.8889
87827.92774166666,2024-12-21 03:19:11.838000+00:00,60,7.51,6.8386,10.2618,5.9463
90377.86734833333,2024-12-21 02:19:08.982000+00:00,60,7.072,8.0128,10.279,6.2326
95521.26573333335,2024-12-21 01:19:03.862000+00:00,60,8.0,9.5936,11.1979,7.053
85076.11978000002,2024-12-21 00:19:01.600000+00:00,60,9.9637,10.0,11.3231,7.13
94296.08489661018,2024-12-20 23:19:58.947000+00:00,59,10.1067,9.3729,13.6034,7.6455
83492.33029833336,2024-12-20 22:19:55.652000+00:00,60,11.0,12.1029,13.5722,9.0
86513.32663833334,2024-12-20 21:19:52.621000+00:00,60,11.486,13.3484,18.8348,10.0
81438.76611166667,2024-12-20 20:19:49.663000+00:00,60,13.6891,15.6264,18.2971,11.9853
81655.69517333334,2024-12-20 19:19:46.754000+00:00,60,14.3602,18.0659,22.2292,14.3602
78195.34349166666,2024-12-20 18:19:42.873000+00:00,60,16.1402,19.3541,20.7527,14.0
81022.012115,2024-12-20 17:19:40.230000+00:00,60,17.0,22.0526,24.4846,16.0088
77787.20858166664,2024-12-20 16:19:37.419000+00:00,60,19.6338,28.7403,37.898,17.4221
75834.97238166664,2024-12-20 15:19:34.116000+00:00,60,30.8304,49.5373,51.9335,30.0586
82631.02415499999,2024-12-20 14:19:31.189000+00:00,60,44.1738,24.5988,54.6412,22.5573
78876.65513333336,2024-12-20 13:19:27.909000+00:00,60,25.2507,27.4435,48.4599,22.1037
78640.00639,2024-12-20 12:19:25.051000+00:00,60,28.1742,48.4071,53.9319,26.3177
87275.81773,2024-12-20 11:19:22.254000+00:00,60,48.0357,21.0064,63.8987,20.0616
79933.424055,2024-12-20 10:19:19.684000+00:00,60,23.3449,42.8486,51.3473,21.1278
83566.3258216667,2024-12-20 09:19:17.313000+00:00,60,45.8773,35.8692,45.8773,18.3776
86051.52955666665,2024-12-20 08:19:14.566000+00:00,60,37.4349,13.0212,41.3453,11.0
91694.08921833332,2024-12-20 07:19:12.182000+00:00,60,13.3026,11.5274,15.9306,8.0
91363.21005833332,2024-12-20 06:19:09.817000+00:00,60,9.5573,9.026,16.0397,8.256
92598.6189733333,2024-12-20 05:19:07.685000+00:00,60,8.4209,8.2994,20.0,8.0676
88036.12810999998,2024-12-20 04:19:05.586000+00:00,60,8.3056,8.0058,10.7896,7.0
92729.04230333332,2024-12-20 03:19:03.501000+00:00,60,7.8081,9.4306,11.7556,7.515
89319.82060500002,2024-12-20 02:19:01.035000+00:00,60,8.8133,12.6949,14.7014,7.9644
91614.36094067797,2024-12-20 01:19:58.837000+00:00,59,10.6847,11.1066,12.886,9.0
86942.71194500002,2024-12-20 00:19:56.256000+00:00,60,10.0914,15.2726,16.0922,8.1
88624.01321666663,2024-12-19 23:19:53.250000+00:00,60,14.6822,14.5002,45.0,10.7674
84206.39409666667,2024-12-19 22:19:51.186000+00:00,60,16.0,15.1273,21.8255,12.0
80618.57896666664,2024-12-19 21:19:49.057000+00:00,60,16.8065,37.1185,37.7584,14.9074
78845.93113833337,2024-12-19 20:19:47.096000+00:00,60,32.7003,77.0,81.3086,30.8866
82334.20813666664,2024-12-19 19:19:44.891000+00:00,60,71.5497,38.8276,86.626,31.5056
75656.65802333334,2024-12-19 18:19:42.657000+00:00,60,39.585,67.7638,91.3558,35.0409
90319.63579333335,2024-12-19 17:19:39.280000+00:00,60,62.5913,22.0327,91.5321,19.0
82518.47610666664,2024-12-19 16:19:36.589000+00:00,60,23.2526,23.7442,31.9515,17.111
79919.31373833331,2024-12-19 15:19:33.281000+00:00,60,23.1005,27.8851,36.0754,22.0
80485.6201016667,2024-12-19 14:19:29.832000+00:00,60,26.6668,16.7739,26.8803,13.7208
80808.01711833336,2024-12-19 13:19:26.693000+00:00,60,16.9463,12.7454,17.5478,11.4797
81666.706485,2024-12-19 12:19:23.373000+00:00,60,13.1371,11.3389,14.7293,10.0319
80936.60884999998,2024-12-19 11:19:19.960000+00:00,60,10.7233,12.8468,16.6024,9.5228
87071.54849499998,2024-12-19 10:19:16.820000+00:00,60,12.8928,19.5616,22.8227,12.7801
101448.41272333334,2024-12-19 09:19:14.388000+00:00,60,21.0,9.3473,29.294,8.0
85865.4692083333,2024-12-19 08:19:11.917000+00:00,60,10.2094,10.4709,12.6536,8.8295
91913.37204666667,2024-12-19 07:19:08.725000+00:00,60,11.0,10.4579,13.2719,8.8624
94721.88593999996,2024-12-19 06:19:06.199000+00:00,60,10.0,10.8572,12.3056,8.49
104329.75634333337,2024-12-19 05:19:03.241000+00:00,60,11.966,10.3135,12.5891,9.4217
101126.7481779661,2024-12-19 04:19:56.050000+00:00,59,10.0683,11.0933,12.0,9.0
90150.97299833335,2024-12-19 03:19:53.426000+00:00,60,10.01,16.0,17.0906,9.2245
86712.89820666665,2024-12-19 02:19:50.879000+00:00,60,15.1607,37.0676,38.3697,15.1607
97741.19492833335,2024-12-19 01:19:48.259000+00:00,60,32.9015,12.0043,36.2777,9.9337
88728.29125166668,2024-12-19 00:19:45.752000+00:00,60,12.1062,14.4482,20.679,9.5832
92846.84669333334,2024-12-18 23:19:43.145000+00:00,60,14.2714,14.1967,25.2083,10.8727
81946.79342833335,2024-12-18 22:19:40.764000+00:00,60,14.5561,25.1204,26.6458,12.687
74069.04110166669,2024-12-18 21:19:38.135000+00:00,60,24.4542,36.0441,37.1289,18.9536
80197.05850666665,2024-12-18 20:19:35.498000+00:00,60,33.0,81.9809,89.0499,33.0
88465.40269999998,2024-12-18 19:19:32.351000+00:00,60,83.7862,20.3698,115.7778,14.9452
84056.55887999998,2024-12-18 18:19:30.094000+00:00,60,20.7754,27.396,29.2118,14.1606
84219.22921166665,2024-12-18 17:19:27.582000+00:00,60,27.4496,28.542,33.4244,18.8444
79578.29291999996,2024-12-18 16:19:24.995000+00:00,60,27.4435,26.654,30.7848,22.31
80678.34544166664,2024-12-18 15:19:22.988000+00:00,60,28.0002,21.7626,35.2261,20.0
79656.38803333337,2024-12-18 14:19:20.630000+00:00,60,22.2541,23.6243,33.8,18.1929
80299.89363333333,2024-12-18 13:19:18.620000+00:00,60,25.1866,14.86,28.7843,13.2164
80122.100235,2024-12-18 12:19:16.274000+00:00,60,15.9923,17.4302,23.2236,13.9159
83309.13701500001,2024-12-18 11:19:14.132000+00:00,60,18.8306,18.184,23.074,12.5816
81135.84822333335,2024-12-18 10:19:11.847000+00:00,60,19.1002,19.4038,26.0757,14.7905
85092.37121666664,2024-12-18 09:19:06.490000+00:00,60,20.0293,11.0924,20.6154,8.624
84447.7657525424,2024-12-18 08:19:41.685000+00:00,59,11.3814,9.2007,12.0981,8.0
89992.33871000003,2024-12-18 07:19:35.442000+00:00,60,9.5,11.9146,12.2906,7.5363
99587.69822833332,2024-12-18 06:19:31.875000+00:00,60,10.6547,11.2855,12.8242,8.9735
98473.33522166662,2024-12-18 05:19:27.810000+00:00,60,11.0737,10.8793,12.0766,8.5338
92225.84338833336,2024-12-18 04:19:24.372000+00:00,60,9.1475,9.8727,12.5507,8.8769
98042.34564,2024-12-18 03:19:21.138000+00:00,60,9.6943,10.5964,13.5472,9.3253
93943.26979666667,2024-12-18 02:19:17.845000+00:00,60,10.9655,10.4788,13.2463,9.2281
83644.30400999999,2024-12-18 01:19:14.507000+00:00,60,10.6357,9.3356,12.3451,7.9503
86015.15971166667,2024-12-18 00:19:10.323000+00:00,60,11.2806,12.687,14.1275,9.0
85018.842225,2024-12-17 23:19:06.808000+00:00,60,12.66,15.6894,17.3332,9.5372
87666.86318666667,2024-12-17 22:19:00.767000+00:00,60,16.6236,15.9467,30.3168,13.32
81331.39174576272,2024-12-17 21:19:56.494000+00:00,59,16.0,17.7954,19.043,13.0
77256.90171833332,2024-12-17 20:19:51.005000+00:00,60,16.0152,20.9757,21.5988,14.2289
76503.36872833333,2024-12-17 19:19:45.589000+00:00,60,19.6646,21.1524,24.0536,16.1067
77179.56530666669,2024-12-17 18:19:37.031000+00:00,60,20.446,24.6844,29.9893,20.0
78293.84873666665,2024-12-17 17:19:32.398000+00:00,60,25.8624,35.712,40.9079,23.0
73571.46379666668,2024-12-17 16:19:27.601000+00:00,60,31.7687,36.7122,41.7669,23.4073
72821.29622,2024-12-17 15:19:20.385000+00:00,60,36.0898,39.7454,54.824,34.1803
74251.16988500001,2024-12-17 14:19:12.318000+00:00,60,43.1068,38.4575,48.4482,27.0
78025.92973999999,2024-12-17 13:19:06.862000+00:00,60,38.7109,18.589,39.8578,17.0
81095.12221166665,2024-12-17 12:19:02.065000+00:00,60,17.0,10.4613,18.0987,9.0
81561.16549152542,2024-12-17 11:19:56.430000+00:00,59,11.801,9.0,13.8404,7.0757
83078.13408666666,2024-12-17 10:19:52.322000+00:00,60,7.8514,9.4128,12.1103,7.5279
81934.19089333333,2024-12-17 09:19:48.547000+00:00,60,10.0747,9.3169,14.2842,7.5524
84191.652925,2024-12-17 08:19:38.777000+00:00,60,8.6796,8.2738,10.269,7.1019
87675.60143,2024-12-17 07:19:34.913000+00:00,60,8.2049,7.963,10.915,6.4795
100265.28034166667,2024-12-17 06:19:31.609000+00:00,60,9.0788,9.7229,10.9301,7.026
104094.52570166669,2024-12-17 05:19:27.936000+00:00,60,9.568,10.2,11.544,7.9494
93173.73139833336,2024-12-17 04:19:10.146000+00:00,60,10.0,9.488,11.4293,7.9828
90099.91846666666,2024-12-17 03:19:07.348000+00:00,60,10.7285,8.2096,12.0763,7.1461
81573.85211000004,2024-12-17 02:19:03.878000+00:00,60,9.115,9.5769,14.1079,7.6923
89235.26986101695,2024-12-17 01:19:57.965000+00:00,59,8.8434,9.2155,10.9152,7.2809
90518.62134833331,2024-12-17 00:19:54.920000+00:00,60,8.8274,12.0252,15.0187,8.71
89146.59633166669,2024-12-16 23:19:51.703000+00:00,60,13.6891,13.7187,17.8331,10.0
85038.37601333331,2024-12-16 22:19:47.975000+00:00,60,12.6859,16.9008,20.0227,11.6718
80767.87389500004,2024-12-16 21:19:42.091000+00:00,60,18.5983,22.0901,23.3705,12.3343
84908.50454166667,2024-12-16 20:19:38.249000+00:00,60,21.7282,22.9,26.1278,17.1227
79837.87744833334,2024-12-16 19:19:34.832000+00:00,60,21.4351,38.3358,41.1571,19.0
81306.853015,2024-12-16 18:19:29.703000+00:00,60,36.29,24.2019,41.1946,21.0876
79470.69246000003,2024-12-16 17:19:24.932000+00:00,60,24.5254,32.4802,39.9298,22.0
78949.39556166668,2024-12-16 16:19:19.414000+00:00,60,29.7133,32.0,46.5651,27.5178
80893.48178333334,2024-12-16 15:19:16.269000+00:00,60,32.2154,25.0,38.4021,18.9261
83695.26514833333,2024-12-16 14:19:12.669000+00:00,60,25.1284,16.4606,28.4824,13.6757
83157.94055000004,2024-12-16 13:19:08.442000+00:00,60,17.7766,11.9138,19.5678,11.1619
82303.79337499998,2024-12-16 12:19:04.519000+00:00,60,13.0673,12.2262,15.4277,10.5246
82796.11646333334,2024-12-16 11:19:00.935000+00:00,60,11.564,14.7393,17.9679,11.0217
85644.95570677961,2024-12-16 10:19:57.157000+00:00,59,16.0202,12.9812,17.5388,10.7561
80962.30539666669,2024-12-16 09:19:54.207000+00:00,60,13.115,9.0,13.4759,8.5288
80182.00876666668,2024-12-16 08:19:51.481000+00:00,60,9.2569,10.0025,19.5592,7.1216
87055.95474333334,2024-12-16 07:19:48.155000+00:00,60,10.2485,8.0,12.2827,6.2234
90978.87661499997,2024-12-16 06:19:45.608000+00:00,60,8.984,10.1177,10.1177,6.3406
90599.47259,2024-12-16 05:19:42.993000+00:00,60,9.8186,12.0258,15.4136,7.6003
89512.31735166664,2024-12-16 04:19:40.032000+00:00,60,10.4649,12.7847,13.6105,7.6544
90567.75394333333,2024-12-16 03:19:37.059000+00:00,60,11.4307,9.9126,13.7118,8.5381
91199.85541166665,2024-12-16 02:19:34.535000+00:00,60,10.5783,12.8932,24.7474,9.0
87223.10850333335,2024-12-16 01:19:10.225000+00:00,60,12.4258,15.0,16.8767,9.157
87926.06705833333,2024-12-16 00:19:05.751000+00:00,60,15.2329,11.7712,18.2999,9.8261
91157.51516271186,2024-12-15 23:19:47.204000+00:00,59,10.8157,11.0,16.8153,9.8301
88835.77887833335,2024-12-15 22:19:43.964000+00:00,60,9.9123,11.0318,12.6291,6.5
87436.69876333332,2024-12-15 21:19:38.923000+00:00,60,10.0,11.9561,14.8443,9.0
86308.98998666668,2024-12-15 20:19:26.844000+00:00,60,11.4676,10.3526,12.697,8.9835
86369.48863166668,2024-12-15 19:19:22.958000+00:00,60,10.5548,10.7075,12.8068,8.6632
88062.8155133333,2024-12-15 18:19:17.575000+00:00,60,10.128,9.1285,12.5959,7.818
84238.27044166664,2024-12-15 17:19:14.069000+00:00,60,9.9334,10.4096,15.5706,8.8231
81509.58907833333,2024-12-15 16:19:11.233000+00:00,60,11.665,11.2431,14.184,9.0
84315.75772833334,2024-12-15 15:19:07.806000+00:00,60,10.5851,10.9968,12.4215,9.0
86305.0024866667,2024-12-15 14:19:04.179000+00:00,60,11.7017,11.1278,12.3652,8.3579
90919.33111833337,2024-12-15 13:19:00.878000+00:00,60,10.1802,7.1916,11.7057,6.6192
87248.47951355932,2024-12-15 12:19:57.108000+00:00,59,8.6833,6.0,8.6833,5.5821
90438.79543333338,2024-12-15 11:19:52.731000+00:00,60,6.711,6.2004,7.9,5.0
89163.22845666666,2024-12-15 10:19:47.240000+00:00,60,5.9262,5.8981,7.0647,4.8139
90110.28217500001,2024-12-15 09:19:43.458000+00:00,60,5.229,5.6854,7.6372,4.9903
87830.9289183333,2024-12-15 08:19:40.188000+00:00,60,6.8053,5.3368,7.823,4.89
94407.12351666667,2024-12-15 07:19:36.331000+00:00,60,6.0,5.6821,8.668,5.2843
89753.60608333333,2024-12-15 06:19:30.243000+00:00,60,5.8922,5.0158,7.1087,5.0
98261.09082499999,2024-12-15 05:19:26.827000+00:00,60,5.4321,8.0,9.2173,5.1
113094.42466166668,2024-12-15 04:19:23.688000+00:00,60,7.7403,8.0864,9.3833,6.6922
111390.9295033333,2024-12-15 03:19:20.645000+00:00,60,7.8532,6.7183,23.1573,6.408
98309.01276999999,2024-12-15 02:19:15.728000+00:00,60,7.5884,8.0,9.6849,5.9299
97150.71628666668,2024-12-15 01:19:12.593000+00:00,60,9.0,7.0,9.8418,6.5668
87961.89528166666,2024-12-15 00:19:09.495000+00:00,60,6.1747,7.0603,8.6441,5.927
92121.50906500003,2024-12-14 23:19:06.146000+00:00,60,6.9957,7.8445,10.5275,6.2824
87887.00483833333,2024-12-14 22:18:59.404000+00:00,60,8.0697,10.7192,17.057,7.0185
86010.62787627119,2024-12-14 21:19:55.243000+00:00,59,10.6098,9.0359,12.0822,6.4799
84161.02070833337,2024-12-14 20:19:51.510000+00:00,60,8.8,8.421,10.2097,6.2824
82704.73223666666,2024-12-14 19:19:45.190000+00:00,60,6.9916,9.0802,9.9672,6.3923
84333.89696666668,2024-12-14 18:19:41.777000+00:00,60,7.6706,9.8402,11.1633,7.0702
85379.14391833331,2024-12-14 17:19:38.663000+00:00,60,10.0,11.1573,12.9463,8.9014
84000.37018333335,2024-12-14 16:19:35.599000+00:00,60,10.1221,10.9712,12.0157,7.7977
86927.40399,2024-12-14 15:19:31.975000+00:00,60,11.1888,9.8931,13.6987,8.6878
86557.06778500002,2024-12-14 14:19:28.173000+00:00,60,9.3759,8.9,13.052,7.4864
85244.74624833331,2024-12-14 13:19:23.573000+00:00,60,8.2549,11.4014,12.5631,7.7252
86677.65150333334,2024-12-14 12:19:18.864000+00:00,60,9.6324,8.0377,11.5126,6.6662
86462.2685733333,2024-12-14 11:19:13.798000+00:00,60,8.4022,7.6366,9.6552,6.7607
89621.64907999999,2024-12-14 10:19:10.212000+00:00,60,7.9601,7.4347,10.3692,7.0
86365.69829166667,2024-12-14 09:19:06.361000+00:00,60,8.5468,8.6894,10.042,6.8668
85938.04030333333,2024-12-14 08:19:01.856000+00:00,60,7.9957,7.5054,10.0524,6.9276
88599.94776610172,2024-12-14 07:19:58.098000+00:00,59,9.3,8.9959,46.6804,6.9
92798.983835,2024-12-14 06:19:54.682000+00:00,60,7.8971,9.2087,19.2173,7.0
91007.09600666664,2024-12-14 05:19:50.860000+00:00,60,9.0,11.3881,11.3881,7.0086
104195.39298666667,2024-12-14 04:19:47.587000+00:00,60,9.6829,11.0,12.092,9.0517
91747.62678,2024-12-14 03:19:44.592000+00:00,60,10.0922,10.5588,45.0,7.4133
86414.96718999998,2024-12-14 02:19:41.633000+00:00,60,10.3173,9.0176,11.6105,8.0
85284.11203666666,2024-12-14 01:19:36.826000+00:00,60,10.0427,9.91,13.3406,8.4209
85273.44233666667,2024-12-14 00:19:29.650000+00:00,60,9.3152,13.06,70.0695,9.0
89121.92173500003,2024-12-13 23:19:23.927000+00:00,60,13.2002,10.7204,15.9509,9.0
87590.8554566667,2024-12-13 22:19:20.762000+00:00,60,10.4646,12.5604,14.6547,10.0
86447.93140333334,2024-12-13 21:19:16.882000+00:00,60,13.1755,14.2525,15.9187,12.005
83642.78029333334,2024-12-13 20:19:13.226000+00:00,60,13.657,14.872,18.985,11.5131
99200.87111333336,2024-12-13 19:19:09.568000+00:00,60,15.4,17.8672,45.4743,13.0
86007.85586,2024-12-13 18:19:03.479000+00:00,60,16.8829,20.3127,69.0,14.1184
81040.01413389831,2024-12-13 17:19:58.756000+00:00,59,19.1374,24.0,36.0,17.5149
80918.08046166667,2024-12-13 16:19:54.428000+00:00,60,21.7948,30.8828,38.042,21.7948
81522.85393333333,2024-12-13 15:19:50.898000+00:00,60,28.9989,19.2457,32.1377,18.645
79297.31377499999,2024-12-13 14:19:46.898000+00:00,60,21.4536,15.4025,25.205,14.203
81405.24907,2024-12-13 13:19:43.908000+00:00,60,16.493,18.5798,19.5,12.7963
89897.27947333334,2024-12-13 12:19:39.659000+00:00,60,16.9063,13.9,22.0,12.0
83385.9303883333,2024-12-13 11:19:36.173000+00:00,60,12.5821,12.0,15.4392,10.0
96220.85415000001,2024-12-13 10:19:32.815000+00:00,60,11.5294,12.5416,19.5144,10.0
80700.29345,2024-12-13 09:19:28.980000+00:00,60,12.3999,13.0,21.9821,10.6658
79052.30483666666,2024-12-13 08:19:25.428000+00:00,60,12.0,11.19,25.0,10.0
81246.65505499998,2024-12-13 07:19:22.057000+00:00,60,12.3661,9.5822,13.0149,8.7314
86175.481835,2024-12-13 06:19:19.661000+00:00,60,11.1915,12.0224,31.392,9.0
95147.41598666672,2024-12-13 05:19:15.968000+00:00,60,12.1307,11.5761,14.7606,9.6736
94429.92413833331,2024-12-13 04:19:12.316000+00:00,60,11.8093,14.9145,15.514,9.9672
91728.74235333335,2024-12-13 03:19:08.587000+00:00,60,12.5506,12.849,14.9755,10.6371
90587.24706333336,2024-12-13 02:19:03.644000+00:00,60,11.3141,11.538,15.028,10.5
87810.0128783333,2024-12-13 01:18:59.387000+00:00,60,13.6054,12.6468,14.2159,10.0
87490.63041355932,2024-12-13 00:19:52.799000+00:00,59,10.9888,14.2909,15.6658,10.0
89572.247675,2024-12-12 23:19:47.311000+00:00,60,15.4486,13.9986,18.5226,11.4462
84394.83295666667,2024-12-12 22:19:41.866000+00:00,60,15.4616,18.147,22.3611,12.0
82831.92958666668,2024-12-12 21:19:21.156000+00:00,60,22.535,22.1455,23.4213,15.2329
82775.88473833333,2024-12-12 20:19:16.782000+00:00,60,23.5973,22.9398,30.9399,17.0325
80693.53941166667,2024-12-12 19:19:13.117000+00:00,60,23.556,27.2486,33.4265,20.0
78182.68187166666,2024-12-12 18:19:07.125000+00:00,60,30.9481,30.4736,31.6722,20.741
79243.82621333335,2024-12-12 17:19:00.945000+00:00,60,30.8415,30.7097,42.0817,22.0
74465.7312355932,2024-12-12 16:19:54.077000+00:00,59,28.4279,39.4261,41.5285,25.0
75080.29608000001,2024-12-12 15:19:48.238000+00:00,60,39.0721,36.955,1005.0,29.2587
77924.71778666668,2024-12-12 14:19:43.497000+00:00,60,30.4323,24.1414,35.3824,22.8638
74950.79201166665,2024-12-12 13:19:39.537000+00:00,60,24.64,23.9567,28.7773,19.7599
76603.48142166664,2024-12-12 12:19:35.620000+00:00,60,22.139,14.1799,25.8655,13.5436
77448.98704999998,2024-12-12 11:19:31.417000+00:00,60,15.0,16.5874,20.4394,14.4
76165.94234666669,2024-12-12 10:19:27.525000+00:00,60,17.9536,17.5172,22.4284,12.7756
77264.26563500003,2024-12-12 09:19:24.374000+00:00,60,18.3994,15.5679,21.0961,11.9689
80698.01302500002,2024-12-12 08:19:01.740000+00:00,60,14.3693,12.9107,18.0372,11.5732
78269.45026610166,2024-12-12 07:19:54.434000+00:00,59,15.012,14.1533,90.0,11.8983
84025.37394500003,2024-12-12 06:19:48.222000+00:00,60,15.1737,15.5377,16.3217,12.544
84597.71054166665,2024-12-12 05:19:40.889000+00:00,60,15.6815,14.6292,18.149,12.8783
94169.48157500003,2024-12-12 04:19:36.582000+00:00,60,14.1651,14.7518,18.3707,12.5534
87026.76799166665,2024-12-12 03:19:32.692000+00:00,60,14.7451,15.1123,21.375,12.7645
88186.01076333337,2024-12-12 02:19:25.249000+00:00,60,14.8941,13.4672,18.5522,11.2305
84872.85939333332,2024-12-12 01:19:18.909000+00:00,60,12.0333,15.5268,16.8813,10.0
80391.67469500001,2024-12-12 00:19:12.473000+00:00,60,14.4047,18.0,23.4741,12.0
87999.30773220341,2024-12-11 23:19:22.105000+00:00,59,18.1879,18.4147,25.5322,12.9434
85155.8344083333,2024-12-11 22:19:16.912000+00:00,60,17.0246,20.2429,30.5039,15.7509
81033.396025,2024-12-11 21:19:11.252000+00:00,60,22.1403,24.6239,26.2756,18.0
80458.97637833333,2024-12-11 20:19:06.633000+00:00,60,25.4872,26.1976,38.7221,22.7178
80158.40900333333,2024-12-11 19:18:59.240000+00:00,60,26.9856,37.6299,39.7226,23.0
79701.4569525424,2024-12-11 18:19:54.279000+00:00,59,35.2569,30.4065,51.4592,26.9656
77739.72551666666,2024-12-11 17:19:50.005000+00:00,60,28.6826,28.7742,35.8864,20.0
75923.830855,2024-12-11 16:19:44.677000+00:00,60,26.8725,31.3221,32.3121,23.1397
78098.38177333334,2024-12-11 15:19:40.355000+00:00,60,32.2934,26.1504,42.7413,26.1504
79157.14347333334,2024-12-11 14:19:36.530000+00:00,60,27.8449,31.0148,33.388,21.0617
84342.095765,2024-12-11 13:19:33.485000+00:00,60,30.6317,17.4094,46.0298,15.4927
81909.00045666665,2024-12-11 12:19:30.016000+00:00,60,18.0003,20.2865,21.8219,15.0108
80704.549755,2024-12-11 11:19:26.579000+00:00,60,22.3575,12.5,22.5574,11.0
79757.78348166672,2024-12-11 10:19:23.186000+00:00,60,12.0,11.7348,14.1025,10.0
81776.72379833335,2024-12-11 09:19:19.545000+00:00,60,11.9717,14.4,17.0211,10.8314
84760.27292166669,2024-12-11 08:19:15.735000+00:00,60,15.1967,12.748,26.2899,10.3746
83314.00792166665,2024-12-11 07:19:11.570000+00:00,60,11.5912,10.0,14.0309,9.0
89923.30013666667,2024-12-11 06:19:06.813000+00:00,60,10.6926,10.8992,20.0,9.0345
93996.91019333331,2024-12-11 05:19:02.966000+00:00,60,11.2015,11.2332,13.0202,9.2316
106290.85932999996,2024-12-11 04:18:59.324000+00:00,60,11.7428,13.3962,15.5103,10.9636
100172.65177118646,2024-12-11 03:19:56.797000+00:00,59,13.4439,15.0697,32.1595,10.6212
89767.2974033333,2024-12-11 02:19:53.824000+00:00,60,15.1093,13.9679,20.0,12.0
86731.18544666668,2024-12-11 01:19:50.933000+00:00,60,13.5704,13.0013,16.8606,11.6535
89354.36883,2024-12-11 00:19:48.106000+00:00,60,12.7205,14.0,19.5879,11.0
84420.00597833336,2024-12-10 23:19:44.767000+00:00,60,13.7051,15.0,17.3466,12.1691
84128.713065,2024-12-10 22:19:41.342000+00:00,60,16.5431,16.9428,37.7161,14.6177
82061.83981833333,2024-12-10 21:19:30.743000+00:00,60,18.7397,21.8872,25.5744,16.1301
80440.91140000001,2024-12-10 20:19:26.856000+00:00,60,22.8591,24.6509,26.6691,18.0793
77352.417285,2024-12-10 19:19:22.128000+00:00,60,24.7935,28.5174,46.1953,22.0855
72857.59955500002,2024-12-10 18:19:18.281000+00:00,60,28.4981,38.3996,50.5941,25.0912
77230.55178333334,2024-12-10 17:19:14.578000+00:00,60,39.8391,39.0,49.6605,32.8799
73814.14432333333,2024-12-10 16:19:09.984000+00:00,60,39.1013,62.083,65.6756,37.0
73905.28267000003,2024-12-10 15:19:05.549000+00:00,60,68.2924,47.0742,85.5114,47.0742
70529.29852033901,2024-12-10 14:19:58.445000+00:00,59,54.1783,83.4548,85.9067,46.1953
77117.10811166666,2024-12-10 13:19:54.948000+00:00,60,82.3497,24.7985,99.9233,16.7627
78916.65877333331,2024-12-10 12:19:50.372000+00:00,60,23.8774,17.2157,27.6086,14.4107
79393.84000666667,2024-12-10 11:19:46.687000+00:00,60,18.3,15.7933,19.2064,11.2917
78371.54100000001,2024-12-10 10:19:44.076000+00:00,60,17.7409,17.066,20.8935,12.0464
82486.38656833331,2024-12-10 09:19:40.884000+00:00,60,15.5475,15.0,25.0,12.9381
83474.97353,2024-12-10 08:19:37.490000+00:00,60,15.1183,14.015,17.8318,11.5573
84318.86286666665,2024-12-10 07:19:32.815000+00:00,60,12.9484,13.226,16.0331,10.2219
93044.82477500002,2024-12-10 06:19:29.813000+00:00,60,13.3059,12.0052,16.5943,10.832
86883.07452833331,2024-12-10 05:19:26.614000+00:00,60,11.7843,13.9123,17.2468,11.0
86512.37929833336,2024-12-10 04:19:23.629000+00:00,60,13.7278,19.9863,20.8584,13.0
82911.44744,2024-12-10 03:19:19.325000+00:00,60,20.933,34.7548,38.2957,17.8815
83612.07542000002,2024-12-10 02:19:14.457000+00:00,60,33.8032,19.1507,37.6372,16.0688
74961.26599999999,2024-12-10 01:19:11.461000+00:00,60,17.9716,18.9127,21.9012,14.7148
78245.62190499999,2024-12-10 00:19:08.392000+00:00,60,17.6426,28.0,30.4882,16.0809
76917.38202999998,2024-12-09 23:19:05.670000+00:00,60,29.2824,38.3072,38.3261,21.7588
78941.55152166665,2024-12-09 22:19:02.146000+00:00,60,37.7853,47.0,82.5556,31.7554
75726.61527457628,2024-12-09 21:19:58.603000+00:00,59,52.0,138.002,154.0717,48.0
90080.21744833334,2024-12-09 20:19:55.033000+00:00,60,155.0138,23.5673,228.6228,23.5673
79901.62207833334,2024-12-09 19:19:51.223000+00:00,60,28.8529,22.2404,33.494,21.0
74801.80323833335,2024-12-09 18:19:47.803000+00:00,60,25.1908,33.2272,37.6826,22.0
74059.10771833333,2024-12-09 17:19:43.998000+00:00,60,34.2989,29.9652,225.0888,27.4839
72038.05739333334,2024-12-09 16:19:39.577000+00:00,60,34.0972,31.9656,44.7052,31.9656
75447.10931166665,2024-12-09 15:19:34.527000+00:00,60,35.008,41.3091,46.9135,31.1154
75642.12753333335,2024-12-09 14:19:28.683000+00:00,60,39.5324,38.0203,45.0,30.2195
72898.42431333335,2024-12-09 13:19:24.831000+00:00,60,39.6853,42.7558,46.7216,33.0827
71660.64597833333,2024-12-09 12:19:20.206000+00:00,60,40.0,33.9329,57.3678,33.9329
80604.70577166666,2024-12-09 11:19:16.734000+00:00,60,36.6742,10.7656,43.5448,9.1322
84246.34207833336,2024-12-09 10:19:13.583000+00:00,60,10.0,12.2988,12.7603,8.8428
81440.09684000001,2024-12-09 09:19:10.585000+00:00,60,12.6,9.5336,14.9655,8.918
86596.49515500003,2024-12-09 08:19:07.542000+00:00,60,11.0,9.064,14.3793,7.9077
92062.99872333332,2024-12-09 07:19:04.397000+00:00,60,9.2916,11.0,12.5083,8.0
102027.16206000003,2024-12-09 06:19:00.584000+00:00,60,10.9655,10.0,12.1563,8.502
106394.64645762712,2024-12-09 05:19:57.697000+00:00,59,9.9888,10.7386,11.5605,8.4017
99095.79319333332,2024-12-09 04:19:53.986000+00:00,60,10.2791,11.2177,13.1532,8.0
93432.14182,2024-12-09 03:19:51.376000+00:00,60,10.6358,9.9371,13.871,8.0
93085.83891666665,2024-12-09 02:19:48.532000+00:00,60,9.6629,10.6841,13.4267,8.6838
86439.00356833334,2024-12-09 01:19:44.188000+00:00,60,12.3035,15.1869,16.208,10.6104
85478.43523,2024-12-09 00:19:41.109000+00:00,60,15.4081,22.7058,31.0774,13.5212
92645.969785,2024-12-08 23:19:35.219000+00:00,60,23.0,12.2028,24.0491,7.9267
89845.48346500004,2024-12-08 22:19:28.641000+00:00,60,13.6731,10.7943,30.0,8.9086
87379.75420333334,2024-12-08 21:19:22.513000+00:00,60,10.3385,11.6814,16.1643,8.6815
86086.79456333334,2024-12-08 20:19:17.650000+00:00,60,9.903,12.33,13.9303,9.0
86526.57411833334,2024-12-08 19:19:13.232000+00:00,60,13.6475,13.8469,16.9645,10.3777
85894.18710666666,2024-12-08 18:19:08.577000+00:00,60,14.1053,13.0836,14.9,9.6274
80492.82001166667,2024-12-08 17:19:02.431000+00:00,60,14.038,14.739,16.468,10.6736
81945.33285254239,2024-12-08 16:19:56.391000+00:00,59,14.9413,15.8609,17.1689,12.0037
82563.07297999995,2024-12-08 15:19:51.457000+00:00,60,15.5009,12.3563,17.9324,9.99
84018.55192333335,2024-12-08 14:19:46.805000+00:00,60,12.563,11.8584,16.4043,10.0
86667.55615166668,2024-12-08 13:19:40.040000+00:00,60,12.1294,11.704,14.2821,9.6856
89048.79352666665,2024-12-08 12:19:36.078000+00:00,60,11.198,8.8432,16.3256,7.5072
88737.73803333334,2024-12-08 11:19:32.202000+00:00,60,9.5168,7.9174,200.0,6.6206
90998.71309666667,2024-12-08 10:19:28.202000+00:00,60,7.1457,8.2504,10.5326,6.5015
95219.9541166667,2024-12-08 09:19:24.745000+00:00,60,8.4702,8.2422,10.9866,7.6775
94936.46638499998,2024-12-08 08:19:20.201000+00:00,60,8.1668,9.6786,10.4324,7.3991
98486.17889666671,2024-12-08 07:19:16.359000+00:00,60,9.2259,9.0,10.8214,6.5413
98179.37603166669,2024-12-08 06:19:13.226000+00:00,60,9.4159,7.4581,10.0175,6.7827
90993.25579500003,2024-12-08 05:19:10.292000+00:00,60,7.2897,7.6126,10.1939,6.6947
89593.14124666668,2024-12-08 04:19:06.037000+00:00,60,8.4385,9.522,108.01,6.6609
91873.00012666665,2024-12-08 03:19:02.799000+00:00,60,8.5494,10.3047,11.5954,7.0
96030.510085,2024-12-08 02:18:59.025000+00:00,60,13.2512,9.8165,19.1883,7.6747
91985.25325762709,2024-12-08 01:19:54.761000+00:00,59,9.0014,10.5395,11.4183,7.9746
96654.78207333336,2024-12-08 00:19:50.557000+00:00,60,10.3758,11.0244,12.7445,8.6602
90530.84615333332,2024-12-07 23:19:48.290000+00:00,60,10.9999,11.8481,13.8945,9.0
87780.37307833336,2024-12-07 22:19:44.249000+00:00,60,11.0,12.1339,13.7068,9.3309
85110.70022833334,2024-12-07 21:19:39.979000+00:00,60,12.3657,13.5979,14.9843,10.4957
80190.02539833334,2024-12-07 20:19:36.914000+00:00,60,13.3231,15.0445,17.2514,11.586
81563.08815999998,2024-12-07 19:19:33.854000+00:00,60,14.2265,16.6942,17.454,12.0
80485.96661833333,2024-12-07 18:19:30.156000+00:00,60,15.2645,16.3751,19.2528,13.1294
80558.54878833333,2024-12-07 17:19:25.272000+00:00,60,15.9097,15.1861,20.2646,12.7284
77904.19673500002,2024-12-07 16:19:20.902000+00:00,60,15.0035,15.0,19.2824,13.9905
81833.06183666665,2024-12-07 15:19:05.745000+00:00,60,15.8808,13.845,19.0967,11.7579
82493.37072372879,2024-12-07 14:19:57.285000+00:00,59,15.0,13.4038,17.8394,11.8704
85916.3973283333,2024-12-07 13:19:30.925000+00:00,60,13.2538,13.1019,14.8386,10.8559
86456.23399999997,2024-12-07 12:19:27.078000+00:00,60,13.0,12.3009,60.0996,9.9789
88494.08496166668,2024-12-07 11:19:24.490000+00:00,60,11.3167,11.824,14.6561,9.8514
84065.72474166671,2024-12-07 10:19:20.786000+00:00,60,11.7474,13.6827,14.1636,10.6705
89289.77749166667,2024-12-07 09:19:16.704000+00:00,60,11.518,11.2772,14.6441,10.2565
90508.3461316667,2024-12-07 08:19:13.310000+00:00,60,11.5723,16.4248,18.4591,9.8098
97216.52497166669,2024-12-07 07:19:09.194000+00:00,60,17.2431,11.6797,19.8438,9.6736
100298.42541666662,2024-12-07 06:19:04.261000+00:00,60,11.8,13.3219,15.4132,10.0
109247.67201016952,2024-12-07 05:19:58.871000+00:00,59,14.3291,13.9755,16.1064,12.0
99159.76000499996,2024-12-07 04:19:54.509000+00:00,60,12.9848,12.2036,16.1183,10.0909
91383.0749133333,2024-12-07 03:19:50.755000+00:00,60,12.653,13.0952,13.8898,10.0
89334.52502000002,2024-12-07 02:19:47.669000+00:00,60,11.7933,12.621,15.2477,10.608
93099.23709833335,2024-12-07 01:19:44.301000+00:00,60,12.6124,13.1313,16.3488,11.9552
84486.09275333335,2024-12-07 00:19:39.273000+00:00,60,14.2676,16.7084,18.9405,12.6444
86573.62929666668,2024-12-06 23:19:35.020000+00:00,60,17.4167,16.1893,19.0775,13.0868
80224.99021833333,2024-12-06 22:19:28.419000+00:00,60,16.7519,19.921,22.3148,15.3006
79574.69322833332,2024-12-06 21:19:23.096000+00:00,60,21.2382,23.6674,35.0743,18.6609
79057.8880816667,2024-12-06 20:19:18.703000+00:00,60,25.0155,28.5831,54.5379,22.4706
78921.26294666668,2024-12-06 19:19:11.973000+00:00,60,28.9557,30.3293,36.7836,24.0
80194.16690166667,2024-12-06 18:19:08.469000+00:00,60,29.0,27.7228,55.3536,22.6795
76862.75512833332,2024-12-06 17:19:04.932000+00:00,60,28.2518,36.485,36.5893,23.1906
76551.07939000003,2024-12-06 16:19:01.200000+00:00,60,32.368,41.1721,44.5215,27.5331
73291.17763728813,2024-12-06 15:19:57.477000+00:00,59,39.5641,46.5053,57.5068,35.0
84017.057495,2024-12-06 14:19:53.618000+00:00,60,45.8003,18.0931,48.8316,17.9094
81616.7626983333,2024-12-06 13:19:50.733000+00:00,60,19.578,22.6394,25.6096,17.4221
82385.0078566667,2024-12-06 12:19:47.005000+00:00,60,22.0058,14.4765,29.3477,12.4632
83790.60484333332,2024-12-06 11:19:42.608000+00:00,60,14.1411,12.7101,15.9112,11.3085
83894.31153333334,2024-12-06 10:19:38.980000+00:00,60,14.3209,16.2845,17.3481,11.4838
86377.44304499999,2024-12-06 09:19:35.673000+00:00,60,15.9303,21.7428,21.7428,13.7121
89449.58304166667,2024-12-06 08:19:32.160000+00:00,60,21.519,14.6279,28.0,12.541
85970.53206666665,2024-12-06 07:19:28.564000+00:00,60,15.0,13.2507,16.1515,10.7744
87394.80977166664,2024-12-06 06:19:24.049000+00:00,60,13.0,13.9118,17.7802,11.0
86845.64861999998,2024-12-06 05:19:19.157000+00:00,60,13.1605,14.5344,16.8798,11.0
86897.7440716667,2024-12-06 04:19:15.489000+00:00,60,14.7762,14.581,18.1822,11.7796
88658.87374666668,2024-12-06 03:19:11.925000+00:00,60,16.6785,18.8198,20.2794,13.3678
85820.94330333333,2024-12-06 02:19:09.038000+00:00,60,18.9026,16.6,32.5175,14.44
86120.09366166664,2024-12-06 01:19:05.495000+00:00,60,17.0884,21.795,28.7173,15.9524
84098.44188,2024-12-06 00:19:01.384000+00:00,60,22.3367,17.5815,40.0,14.0
86477.21495932205,2024-12-05 23:19:56.856000+00:00,59,14.911,25.1906,27.3926,14.911
90851.78885,2024-12-05 22:19:52.544000+00:00,60,25.3957,19.2266,74.8907,18.1188
79587.93299166669,2024-12-05 21:19:44.265000+00:00,60,19.0516,23.0461,27.3576,18.0
79735.62954166668,2024-12-05 20:19:39.352000+00:00,60,20.0616,31.4069,33.2596,18.3618
81318.34890833333,2024-12-05 19:19:35.583000+00:00,60,30.4199,26.2431,37.1433,20.512
79282.45194666665,2024-12-05 18:19:32.165000+00:00,60,27.5858,27.0552,34.8358,23.3688
75312.691755,2024-12-05 17:19:28.803000+00:00,60,24.4235,30.9593,38.6479,22.1373
74330.09247333331,2024-12-05 16:19:24.876000+00:00,60,30.0,27.9721,33.2247,23.4056
76826.09455,2024-12-05 15:19:20.931000+00:00,60,27.2077,29.0,35.0248,23.1096
76607.91123666667,2024-12-05 14:19:08.601000+00:00,60,25.616,26.1352,33.8273,22.5604
75956.67553333333,2024-12-05 13:19:03.304000+00:00,60,25.6502,26.0445,32.1775,19.8366
77548.20512033896,2024-12-05 12:19:58.408000+00:00,59,23.658,20.0876,36.0244,16.7597
79151.07540166666,2024-12-05 11:19:53.869000+00:00,60,21.152,20.0454,21.9222,15.68
78710.59250166664,2024-12-05 10:19:30.001000+00:00,60,19.0851,20.9005,22.7119,16.65
80435.25789166667,2024-12-05 09:19:26.103000+00:00,60,21.2221,19.5947,29.9319,17.0
80299.29558666666,2024-12-05 08:19:21.996000+00:00,60,19.8763,16.3889,23.95,15.3201
84905.55562833333,2024-12-05 07:19:18.088000+00:00,60,18.4189,16.6532,19.4619,14.0
86167.29273166666,2024-12-05 06:19:13.766000+00:00,60,17.3916,16.9444,21.0996,15.0472
83547.87024000002,2024-12-05 05:19:09.748000+00:00,60,16.0681,18.98,21.6768,15.075
85625.89394166668,2024-12-05 04:19:05.569000+00:00,60,19.8266,22.5103,24.0913,16.8748
84128.1578116667,2024-12-05 03:19:01.675000+00:00,60,23.5003,33.2021,37.3924,19.9092
90879.8560525424,2024-12-05 02:19:57.914000+00:00,59,33.0635,15.5808,34.4665,14.3038
83387.19016166663,2024-12-05 01:19:54.490000+00:00,60,15.8937,22.7597,27.7836,14.0308
84140.43294500001,2024-12-05 00:19:51.228000+00:00,60,22.9083,21.3177,27.685,14.9724
84401.04436166667,2024-12-04 23:19:48.005000+00:00,60,19.7662,25.22,33.9282,19.0093
80462.54383666665,2024-12-04 22:19:44.216000+00:00,60,25.3734,27.1603,34.4239,20.4975
77470.10253833332,2024-12-04 21:19:40.535000+00:00,60,27.0194,35.1345,39.0862,25.34
78636.10905500002,2024-12-04 20:19:34.958000+00:00,60,34.3212,42.6138,55.3806,31.0416
80340.65817,2024-12-04 19:19:30.172000+00:00,60,44.051,28.5246,46.0058,23.0
76316.40654499999,2024-12-04 18:19:25.327000+00:00,60,31.1436,31.8366,34.6307,23.8514
78276.75949833331,2024-12-04 17:19:19.390000+00:00,60,33.5016,38.6438,40.0203,25.0364
73768.72259166666,2024-12-04 16:19:14.643000+00:00,60,36.2115,51.1093,54.276,32.3191
74634.90449833334,2024-12-04 15:19:10.245000+00:00,60,51.6241,42.7088,56.9702,38.4383
78783.13195,2024-12-04 14:19:05.641000+00:00,60,45.3769,32.6715,53.4215,31.7659
83005.803555,2024-12-04 13:19:00.911000+00:00,60,37.4337,21.8906,44.0713,18.4574
78362.33908474575,2024-12-04 12:19:55.941000+00:00,59,21.0946,25.6,25.6593,17.2494
80676.10440166667,2024-12-04 11:19:51.034000+00:00,60,25.6658,18.3326,25.6658,17.2465
82342.06036333331,2024-12-04 10:19:46.738000+00:00,60,19.0,18.1742,21.1323,15.68
86718.51896666666,2024-12-04 09:19:43.384000+00:00,60,18.8524,20.9295,27.4302,17.6977
82552.22014333334,2024-12-04 08:19:35.731000+00:00,60,19.9682,16.8985,21.5268,15.1368
84659.12475999999,2024-12-04 07:19:32.416000+00:00,60,18.3058,17.6994,22.3974,15.0725
88905.96680166667,2024-12-04 06:19:29.329000+00:00,60,17.1754,17.5962,19.8119,15.54
87350.7950716667,2024-12-04 05:19:26.494000+00:00,60,17.0549,16.2993,21.0044,14.56
87871.07718500002,2024-12-04 04:19:23.326000+00:00,60,18.1013,17.5608,19.439,13.6134
88380.39581333334,2024-12-04 03:19:20.320000+00:00,60,18.185,17.11,72.5298,13.7905
85646.71226833333,2024-12-04 02:19:17.092000+00:00,60,17.3096,17.97,20.5151,15.1053
83809.30980500003,2024-12-04 01:19:13.131000+00:00,60,18.1559,22.6876,26.2576,15.2737
83459.79490666663,2024-12-04 00:19:09.783000+00:00,60,24.1049,22.2189,32.5578,17.0103
83797.07577833334,2024-12-03 23:19:06.403000+00:00,60,25.3461,22.9768,39.9272,18.1384
81620.02595166666,2024-12-03 22:19:00.721000+00:00,60,22.1124,25.4787,28.8947,20.0
79213.04192203388,2024-12-03 21:19:55.761000+00:00,59,25.2847,28.8994,37.6432,24.64
79586.72738,2024-12-03 20:19:52.258000+00:00,60,29.3816,25.1033,36.3425,23.0
78922.21363333333,2024-12-03 19:19:48.886000+00:00,60,25.1933,36.3254,39.984,23.8862
80698.87003500001,2024-12-03 18:19:44.273000+00:00,60,38.448,36.0856,43.1232,27.7208
79788.25904333331,2024-12-03 17:19:39.459000+00:00,60,34.832,28.801,52.7355,25.9728
73569.68249500002,2024-12-03 16:19:34.378000+00:00,60,31.2473,35.2887,42.1529,25.9728
71989.5385066667,2024-12-03 15:19:29.360000+00:00,60,35.2095,61.4563,63.1022,32.0411
80565.10724833331,2024-12-03 14:19:21.559000+00:00,60,55.4609,38.1667,75.0563,27.4105
78507.16571500002,2024-12-03 13:19:17.641000+00:00,60,40.2102,44.0,64.8434,32.4768
119887.85753833332,2024-12-03 12:19:13.997000+00:00,60,56.5554,22.5445,165.7489,19.9711
81489.91741499997,2024-12-03 11:19:09.938000+00:00,60,19.3812,19.0,23.4895,15.5081
81118.10620833334,2024-12-03 10:19:05.871000+00:00,60,19.2095,16.978,24.0576,14.0739
78685.63272333334,2024-12-03 09:19:00.716000+00:00,60,16.8885,21.4892,23.3282,13.9878
82361.38616440674,2024-12-03 08:19:56.943000+00:00,59,21.5162,15.3892,23.9622,13.2332
84110.11593166667,2024-12-03 07:19:53.037000+00:00,60,15.0433,17.2921,19.1875,14.0
83308.97861166668,2024-12-03 06:19:49.189000+00:00,60,17.8179,17.9,23.4015,15.1976
84966.71282666668,2024-12-03 05:19:45.052000+00:00,60,17.9663,14.0173,19.1011,12.2846
84148.11668333331,2024-12-03 04:19:41.806000+00:00,60,13.5956,17.3683,17.4423,12.9881
86503.110965,2024-12-03 03:19:37.705000+00:00,60,16.1439,16.4081,20.0494,14.56
85675.04888500001,2024-12-03 02:19:31.845000+00:00,60,16.2943,14.1804,22.2147,14.1804
83532.66158666665,2024-12-03 01:19:28.262000+00:00,60,17.2172,19.895,21.1095,13.7761
78996.04088833337,2024-12-03 00:19:24.099000+00:00,60,18.0712,25.3046,25.3046,17.1564
82215.0291183333,2024-12-02 23:19:20.854000+00:00,60,24.4382,31.3482,34.1807,19.2923
78922.66844166668,2024-12-02 22:19:17.187000+00:00,60,26.9019,33.5041,35.9448,25.445
72142.31358833332,2024-12-02 21:19:13.526000+00:00,60,33.3251,64.4894,68.7501,30.0513
76865.94791333334,2024-12-02 20:19:09.571000+00:00,60,64.8275,165.9868,198.1434,60.2458
77922.20493000002,2024-12-02 19:19:05.730000+00:00,60,182.7921,28.5709,204.4347,26.8414
75692.14315833333,2024-12-02 18:19:01.160000+00:00,60,27.9866,29.1702,36.0567,22.3697
76346.917,2024-12-02 17:19:57.464000+00:00,59,30.3226,38.034,45.0309,27.0
74518.03099666665,2024-12-02 16:19:53.570000+00:00,60,32.5416,30.0125,41.4247,27.8531
75431.94720166666,2024-12-02 15:19:50.100000+00:00,60,29.0215,31.0,45.2189,25.404
78141.37597499999,2024-12-02 14:19:46.686000+00:00,60,30.0218,17.7969,34.4967,17.3632
80550.10039333333,2024-12-02 13:19:42.593000+00:00,60,19.0992,17.4464,23.2425,15.3824
83502.22415666662,2024-12-02 12:19:39.053000+00:00,60,16.4061,13.477,20.0292,12.4179
83959.0160316667,2024-12-02 11:19:36.017000+00:00,60,11.6455,16.5599,18.7477,10.0
84173.972325,2024-12-02 10:19:32.341000+00:00,60,19.3595,13.8512,19.3595,10.7091
85090.82884,2024-12-02 09:19:29.241000+00:00,60,13.0,16.1462,18.1914,10.5597
83321.15650833334,2024-12-02 08:19:26.072000+00:00,60,14.9685,12.7079,45.4459,10.4883
88314.00671166665,2024-12-02 07:19:22.708000+00:00,60,11.5087,11.9511,14.3949,10.0
89062.68365,2024-12-02 06:19:19.412000+00:00,60,12.5127,12.0,13.9189,9.9795
92711.05021833333,2024-12-02 05:19:16.064000+00:00,60,12.7473,12.0371,13.4839,10.0
87074.44835166665,2024-12-02 04:19:12.849000+00:00,60,13.3354,20.1047,21.7641,10.4899
85842.96886333334,2024-12-02 03:19:09.509000+00:00,60,21.097,15.0523,25.3223,12.0282
86310.10851499999,2024-12-02 02:19:06.272000+00:00,60,13.2844,14.4349,18.322,11.4448
83210.30824500002,2024-12-02 01:19:02.970000+00:00,60,13.4074,14.0014,25.6608,12.0781
84777.40713833329,2024-12-02 00:18:59.447000+00:00,60,14.7131,14.535,44.0441,11.2135
88180.78143898305,2024-12-01 23:19:56.354000+00:00,59,13.4436,14.3558,16.6056,11.7998
82824.5362,2024-12-01 22:19:51.832000+00:00,60,14.2099,17.2671,20.0463,12.5328
80882.80128999999,2024-12-01 21:19:47.513000+00:00,60,18.3072,18.6602,24.5992,15.9112
80472.41175666667,2024-12-01 20:19:43.683000+00:00,60,19.3504,23.6354,31.3046,17.809
81339.85142166667,2024-12-01 19:19:39.999000+00:00,60,25.3642,18.2555,26.6258,15.6542
81033.13913166664,2024-12-01 18:19:35.772000+00:00,60,17.2992,18.638,22.3338,15.9428
84183.49653666667,2024-12-01 17:19:31.824000+00:00,60,18.6932,23.2431,23.2431,14.0
80522.78177999999,2024-12-01 16:19:28.277000+00:00,60,22.0,25.0789,29.5992,21.1463
82380.0551216667,2024-12-01 15:19:24.538000+00:00,60,26.3906,21.9822,30.1863,19.6199
85673.66361500001,2024-12-01 14:19:21.658000+00:00,60,23.0539,13.5398,23.2869,12.934
86377.50899333334,2024-12-01 13:19:18.309000+00:00,60,15.776,12.2931,17.417,11.618
88358.37401666665,2024-12-01 12:19:15.527000+00:00,60,11.3599,9.6749,13.9381,9.0798
88022.14380833329,2024-12-01 11:19:11.517000+00:00,60,9.6863,9.2448,10.8,7.5017
89551.33212333333,2024-12-01 10:19:08.743000+00:00,60,9.1756,8.6223,10.178,6.9463
94395.06718833336,2024-12-01 09:19:06.256000+00:00,60,9.6065,9.0268,53.7166,7.9373
95935.34587666667,2024-12-01 08:19:03.282000+00:00,60,10.0464,8.8395,11.3973,8.4544
99676.27658333333,2024-12-01 07:18:59.649000+00:00,60,9.9984,8.2048,11.2748,8.0008
100454.40454576269,2024-12-01 06:19:56.844000+00:00,59,9.223,7.7527,10.4781,7.0
100128.69914666667,2024-12-01 05:19:54.028000+00:00,60,8.4003,6.6753,10.4803,6.376
100687.2630333333,2024-12-01 04:19:50.656000+00:00,60,8.158,7.0109,9.021,6.1923
95877.38486499999,2024-12-01 03:19:47.310000+00:00,60,7.6783,8.2633,10.1555,6.5751
94354.71495833332,2024-12-01 02:19:44.288000+00:00,60,7.6466,12.1761,14.2537,7.4162
91634.91265333335,2024-12-01 01:19:41.428000+00:00,60,12.1028,13.5191,14.6565,8.6218
88512.37084333335,2024-12-01 00:19:37.905000+00:00,60,14.0259,11.6744,15.6428,10.4377
88744.37862999996,2024-11-30 23:19:34.650000+00:00,60,12.601,13.8638,15.3542,9.0
88297.42587333336,2024-11-30 22:19:31.557000+00:00,60,13.73,14.8499,15.0996,10.5344
88163.19125833332,2024-11-30 21:19:28.507000+00:00,60,13.2033,14.7,26.3202,11.0
84911.83954500002,2024-11-30 20:19:25.488000+00:00,60,14.0,14.4892,16.9267,12.0
84101.00917333334,2024-11-30 19:19:22.719000+00:00,60,13.0727,14.8364,17.0346,11.819
85090.19978833332,2024-11-30 18:19:19.337000+00:00,60,13.9882,15.4849,17.7361,11.8703
84418.031715,2024-11-30 17:19:15.855000+00:00,60,14.0162,16.3664,21.0075,13.0
82360.50299666663,2024-11-30 16:19:12.783000+00:00,60,14.6581,14.1594,17.1124,12.0792
84314.58294499999,2024-11-30 15:19:09.553000+00:00,60,14.5409,11.5282,16.5713,9.7977
82122.07779499999,2024-11-30 14:19:06.583000+00:00,60,12.1049,10.0629,14.5277,9.8053
86976.14491666667,2024-11-30 13:19:03.013000+00:00,60,11.3255,8.7482,15.6504,7.7094
88071.18363833334,2024-11-30 12:18:59.560000+00:00,60,9.2796,8.3506,10.3727,7.196
90638.68851186443,2024-11-30 11:19:55.215000+00:00,59,8.8221,6.7277,10.4109,5.7257
85765.30503166669,2024-11-30 10:19:51.946000+00:00,60,7.1864,6.7811,9.9517,6.3043
88898.68041666666,2024-11-30 09:19:49.014000+00:00,60,6.7374,8.1322,10.4579,6.27
88615.77308166666,2024-11-30 08:19:46.207000+00:00,60,8.3,7.1818,9.5693,6.2621
90156.46537166668,2024-11-30 07:19:43.068000+00:00,60,7.368,6.7446,17.3894,5.7799
90374.78339499999,2024-11-30 06:19:40.191000+00:00,60,5.9815,10.4741,11.9572,5.8116
94952.66465166671,2024-11-30 05:19:37.748000+00:00,60,10.7878,5.7776,12.1044,4.9636
92976.26117166669,2024-11-30 04:19:34.897000+00:00,60,5.7131,7.6544,12.799,4.9798
94618.64858333331,2024-11-30 03:19:32.507000+00:00,60,8.1458,6.512,9.1004,5.55
92111.49699999999,2024-11-30 02:19:30.066000+00:00,60,6.5546,5.8455,9.8687,5.082
93132.2849,2024-11-30 01:19:27.345000+00:00,60,5.8156,7.5186,10.1799,5.3561
87256.87107499999,2024-11-30 00:19:24.273000+00:00,60,6.8109,8.6551,21.2862,6.4094
87834.26288666666,2024-11-29 23:19:21.491000+00:00,60,9.0,8.3429,12.1739,7.1265
86168.99953333332,2024-11-29 22:19:18.636000+00:00,60,9.0644,10.0,33.2119,7.8753
85774.38945500001,2024-11-29 21:19:15.578000+00:00,60,9.8928,11.309,13.6207,8.5306
83194.2806316667,2024-11-29 20:19:12.832000+00:00,60,12.4025,11.7039,13.9506,9.2521
82848.10803999998,2024-11-29 19:19:08.413000+00:00,60,11.1558,13.2091,14.5741,9.4017
83521.52633333331,2024-11-29 18:19:05.189000+00:00,60,14.4739,13.0238,16.3894,10.419
79925.62534166666,2024-11-29 17:19:01.982000+00:00,60,13.5195,15.0236,19.4864,12.0
74734.1758898305,2024-11-29 16:19:58.526000+00:00,59,15.4365,24.5336,25.0199,13.9685
77945.61298333335,2024-11-29 15:19:54.947000+00:00,60,23.4185,20.8922,28.3077,18.6327
77680.58143166665,2024-11-29 14:19:51.172000+00:00,60,21.1326,15.2659,23.5875,14.0
79841.81459333333,2024-11-29 13:19:47.228000+00:00,60,17.0,18.8066,22.4614,12.842
84876.401025,2024-11-29 12:19:42.318000+00:00,60,15.2247,10.6096,17.0993,8.0047
85394.23190999999,2024-11-29 11:19:36.778000+00:00,60,8.8321,10.7977,15.7492,8.0
82540.15328833331,2024-11-29 10:19:31.385000+00:00,60,10.9812,12.4633,12.7968,6.0866
80605.0133083333,2024-11-29 09:19:26.504000+00:00,60,11.6728,7.0106,12.0234,6.2203
84452.90156333333,2024-11-29 08:19:22.207000+00:00,60,7.0,6.6202,9.0375,5.7551
87831.46789500001,2024-11-29 07:19:18.023000+00:00,60,5.7325,8.8369,8.9949,5.0
90160.09249166664,2024-11-29 06:19:13.202000+00:00,60,7.7973,6.8279,8.9129,5.0
93589.23773333334,2024-11-29 05:19:08.918000+00:00,60,6.4571,5.4575,7.8305,4.7508
89363.46294500002,2024-11-29 04:19:05.144000+00:00,60,5.867,5.339,7.8266,4.2401
92769.22652166667,2024-11-29 03:19:02.004000+00:00,60,6.0,6.7887,7.427,4.5722
91393.74049999999,2024-11-29 02:19:58.681000+00:00,59,5.6815,5.4687,7.1303,4.7648
92059.35089166666,2024-11-29 01:19:55.380000+00:00,60,6.159,5.5003,7.4423,4.795
85943.67771333335,2024-11-29 00:19:52.034000+00:00,60,6.1843,6.8628,7.4469,4.938
95466.05394500002,2024-11-28 23:19:48.919000+00:00,60,5.7441,7.3313,8.5205,5.5
93184.57227500001,2024-11-28 22:19:46.170000+00:00,60,8.699,8.0,10.9615,6.0
88201.5483816667,2024-11-28 21:19:43.607000+00:00,60,7.858,7.809,9.4424,6.6392
87895.52946166665,2024-11-28 20:19:40.430000+00:00,60,7.6416,9.9627,12.2909,7.0
84399.07890500002,2024-11-28 19:19:36.377000+00:00,60,9.5689,13.2332,14.5418,8.3833
83602.03794666668,2024-11-28 18:19:32.105000+00:00,60,13.7422,16.0,23.7243,12.0
83595.73962666669,2024-11-28 17:19:28.755000+00:00,60,16.1264,10.939,18.0398,9.0
82128.6562216667,2024-11-28 16:19:26+00:00,60,9.9396,11.8656,16.0,9.5635
83104.05272166661,2024-11-28 15:19:22.930000+00:00,60,12.4496,16.1476,18.5163,11.4327
84860.66521166667,2024-11-28 14:19:20.343000+00:00,60,16.1729,12.5017,21.5906,10.9118
83862.68008500004,2024-11-28 13:19:17.591000+00:00,60,12.158,10.0612,13.8243,8.7091
85063.82723333334,2024-11-28 12:19:15.135000+00:00,60,10.7706,8.0,14.0267,6.367
86343.94562166669,2024-11-28 11:19:12.725000+00:00,60,7.8429,7.9169,9.3508,6.1777
89038.56605999995,2024-11-28 10:19:10.334000+00:00,60,8.1284,7.4978,34.0,6.5108
90741.81464333329,2024-11-28 09:19:07.386000+00:00,60,8.0503,8.2197,10.0682,6.0
85174.5723216667,2024-11-28 08:19:04.292000+00:00,60,9.5689,8.6095,13.9046,6.8134
91922.65419166666,2024-11-28 07:19:00.861000+00:00,60,8.7563,8.073,11.2187,6.8863
86709.29789322036,2024-11-28 06:19:58.379000+00:00,59,8.8453,9.8268,11.5548,6.8497
93147.03869499998,2024-11-28 05:19:56.011000+00:00,60,11.204,8.8568,19.2096,7.4259
94050.80314500004,2024-11-28 04:19:53.623000+00:00,60,9.7039,7.6544,12.2763,6.0
89347.7916683333,2024-11-28 03:19:51.197000+00:00,60,7.7669,8.3575,10.4323,6.5608
90209.81382000001,2024-11-28 02:19:48.274000+00:00,60,8.564,9.3047,11.628,7.736
95339.01194166664,2024-11-28 01:19:45.762000+00:00,60,9.6633,9.5105,14.4278,7.1724
79684.07744833337,2024-11-28 00:19:42.728000+00:00,60,9.9459,17.7297,27.9478,9.4
81792.04825666669,2024-11-27 23:19:39.919000+00:00,60,19.0,15.5007,41.7604,10.9476
86077.83805833332,2024-11-27 22:19:36.881000+00:00,60,15.5652,17.3573,19.9335,13.7053
83644.77550666669,2024-11-27 21:19:33.603000+00:00,60,17.6557,22.0828,22.0828,14.6885
81427.47208833332,2024-11-27 20:19:30.679000+00:00,60,21.308,20.1755,26.3324,17.3083
81085.2181,2024-11-27 19:19:27.764000+00:00,60,17.0765,26.4782,28.0197,17.0765
80770.75235666668,2024-11-27 18:19:24.305000+00:00,60,22.0,18.8238,25.0482,16.0112
79897.34833833334,2024-11-27 17:19:21.247000+00:00,60,19.6084,21.1662,31.3792,17.0
82856.27371499999,2024-11-27 16:19:17.842000+00:00,60,22.8453,28.6186,40.6273,21.0021
80886.91369666667,2024-11-27 15:19:05.604000+00:00,60,27.5108,22.1457,39.6644,20.4659
81139.51589666666,2024-11-27 14:19:01.111000+00:00,60,22.0,17.7112,26.2797,12.7544
84036.8027661017,2024-11-27 13:19:57.252000+00:00,59,18.2941,12.7623,20.5702,10.6419
86106.09038666669,2024-11-27 12:19:54.090000+00:00,60,15.0206,11.1012,17.4023,9.7436
83557.99958500001,2024-11-27 11:19:50.631000+00:00,60,11.3559,15.0593,16.4999,8.8862
83912.21582666662,2024-11-27 10:19:46.295000+00:00,60,15.8673,9.094,21.1375,7.7658
88249.89769833333,2024-11-27 09:19:43.170000+00:00,60,8.5928,7.5914,13.087,6.9651
91410.13161999999,2024-11-27 08:19:40.660000+00:00,60,8.0905,9.2658,12.6541,7.524
83501.9038433333,2024-11-27 07:19:38.084000+00:00,60,10.0566,8.59,15.0457,6.9462
93462.46876166666,2024-11-27 06:19:35.416000+00:00,60,8.6882,6.951,12.2746,6.0513
95152.69168166669,2024-11-27 05:19:32.817000+00:00,60,7.003,7.3357,21.5447,5.9007
94161.27935333335,2024-11-27 04:19:30.160000+00:00,60,6.7236,8.1347,12.0734,6.0
94972.05381333336,2024-11-27 03:19:27.636000+00:00,60,6.7767,8.0,9.1616,5.77
96079.934535,2024-11-27 02:19:24.891000+00:00,60,7.9051,9.1609,10.6501,6.0436
98119.12237333333,2024-11-27 01:19:22.345000+00:00,60,10.107,10.0,14.822,6.9628
88352.76852333333,2024-11-27 00:19:19.110000+00:00,60,10.3735,11.2733,15.7458,8.0
91555.87448333333,2024-11-26 23:19:15.504000+00:00,60,12.2427,5.8,14.8119,5.2103
88455.37456333335,2024-11-26 22:19:11.649000+00:00,60,6.651,9.6941,9.984,6.0
89770.43537166664,2024-11-26 21:19:08.291000+00:00,60,10.4,9.8392,12.8442,6.9761
89673.18087833333,2024-11-26 20:19:04.713000+00:00,60,8.8677,10.0,14.2,7.4709
84521.50247499999,2024-11-26 19:18:59.272000+00:00,60,10.7336,10.5495,14.5633,8.9708
80541.95120338984,2024-11-26 18:19:56.250000+00:00,59,10.2701,18.7218,23.5199,9.0
79348.09132000005,2024-11-26 17:19:51.347000+00:00,60,18.0082,13.8994,24.9536,10.0058
81465.29943,2024-11-26 16:19:46.808000+00:00,60,14.0,13.974,18.5412,12.4311
86766.87623333334,2024-11-26 15:19:43.702000+00:00,60,14.6015,16.6855,23.0496,12.7041
86805.21431000001,2024-11-26 14:19:40.474000+00:00,60,17.3756,15.1585,28.5006,13.1302
84648.23132499999,2024-11-26 13:19:36.662000+00:00,60,16.1255,26.2451,28.2271,12.8983
86222.20670166664,2024-11-26 12:19:33.391000+00:00,60,29.3334,15.79,31.4486,8.8202
84288.41672833331,2024-11-26 11:19:29.394000+00:00,60,16.5189,11.8219,23.1432,11.5322
89931.84823000002,2024-11-26 10:19:25.690000+00:00,60,13.7044,8.3717,17.7991,6.0
86114.22269500005,2024-11-26 09:19:22.313000+00:00,60,7.6,7.88,9.4185,6.2863
86372.01981833336,2024-11-26 08:19:18.965000+00:00,60,8.422,11.4647,26.0342,8.0
94744.68343166665,2024-11-26 07:19:16.307000+00:00,60,13.0127,9.0567,13.5328,6.3099
93900.18457333332,2024-11-26 06:19:12.691000+00:00,60,8.0903,6.9998,9.7333,5.4893
86478.44978833332,2024-11-26 05:19:09.218000+00:00,60,6.937,8.3233,14.022,5.8943
82139.24980166668,2024-11-26 04:19:06.524000+00:00,60,9.1451,6.6599,9.1451,4.9855
91545.60662500001,2024-11-26 03:19:03.417000+00:00,60,6.0579,7.7255,8.0017,5.3126
92218.12834833335,2024-11-26 02:19:00.674000+00:00,60,7.1191,7.3861,10.2248,6.0
